Target Gene	miRNA
T04C9.2	cel-lsy-6-3p
C27H6.3	cel-lsy-6-3p
T05C12.8	cel-lsy-6-3p
T23E1.1	cel-lsy-6-3p
glb-1	cel-lsy-6-3p
fkh-8	cel-lsy-6-3p
acl-5	cel-lsy-6-3p
aex-4	cel-lsy-6-3p
hlh-8	cel-lsy-6-3p
cog-1	cel-lsy-6-3p
cog-1	cel-lsy-6-3p
cog-1	cel-lsy-6-3p
let-60	cel-miR-84-5p
lin-14	cel-lin-4-5p
lin-14	cel-lin-4-5p
lin-14	cel-lin-4-5p
pha-4	cel-let-7-5p
daf-12	cel-let-7-5p
daf-12	cel-let-7-5p
die-1	cel-let-7-5p
lin-14	cel-let-7-5p
lin-41	cel-let-7-5p
lin-41	cel-let-7-5p
lin-41	cel-let-7-5p
lin-41	cel-let-7-5p
lin-41	cel-let-7-5p
lin-28	cel-lin-4-5p
lin-28	cel-lin-4-5p
lin-28	cel-lin-4-5p
lin-28	cel-lin-4-5p
mef-2	cel-miR-1-3p
unc-63	cel-miR-1-3p
unc-29	cel-miR-1-3p
hbl-1	cel-lin-4-5p
hbl-1	cel-let-7-5p
hbl-1	cel-let-7-5p
hbl-1	cel-let-7-5p
hbl-1	cel-let-7-5p
let-60	cel-let-7-5p
vav-1	cel-miR-61-3p
unc-38	cel-miR-1-3p
let-526	cel-let-7-5p
die-1	cel-miR-273
nob-1	cel-miR-57-5p
T20G5.9	cel-lsy-6-3p
lin-23	cel-miR-35-3p
gld-1	cel-miR-35-3p
gld-1	cel-miR-35-3p
age-1	cel-miR-71-5p
hbl-1	cel-miR-71-5p
lin-42	cel-miR-71-5p
elo-2	cel-miR-786-3p
AH9.6	cel-miR-58b-3p
K02E10.7	cel-miR-58b-3p
ndk-1	cel-miR-58b-3p
Y74C9A.4	cel-miR-58b-3p
C03C10.4	cel-miR-58b-3p
F44A6.5	cel-miR-58b-3p
bet-2	cel-miR-58b-3p
nap-1	cel-miR-58b-3p
B0361.9	cel-miR-58b-3p
E04D5.1	cel-miR-58b-3p
F38A5.7	cel-miR-58b-3p
tos-1	cel-miR-58b-3p
T24H10.4	cel-miR-58b-3p
F26B1.2	cel-miR-58b-3p
ZK686.1	cel-miR-58b-3p
ZK484.1	cel-miR-58b-3p
nra-3	cel-miR-58b-3p
F47D12.9	cel-miR-58b-3p
F21D12.3	cel-miR-58b-3p
suca-1	cel-miR-58b-3p
cec-6	cel-miR-58b-3p
T27E4.7	cel-miR-58b-3p
T24B8.3	cel-miR-58b-3p
B0410.3	cel-miR-58b-3p
F34D10.4	cel-miR-58b-3p
C27B7.2	cel-miR-58b-3p
C10E2.6	cel-miR-58b-3p
H10E21.5	cel-miR-58b-3p
F58E10.3	cel-miR-58b-3p
C07A9.9	cel-miR-58b-3p
swsn-6	cel-miR-58b-3p
B0336.3	cel-miR-58b-3p
T27D12.1	cel-miR-58b-3p
F13D12.9	cel-miR-58b-3p
F56D2.6	cel-miR-58b-3p
F46G10.2	cel-miR-58b-3p
ZK180.5	cel-miR-58b-3p
C48E7.6	cel-miR-58b-3p
T08B2.7	cel-miR-58b-3p
C05C8.7	cel-miR-1833
F35H10.10	cel-miR-1833
ZK688.5	cel-miR-1833
pkg-2	cel-miR-1833
M02D8.1	cel-miR-1833
C37C3.2	cel-miR-1833
F13H6.1	cel-miR-1832a-3p
K10D6.4	cel-miR-1832a-3p
F26B1.2	cel-miR-1832a-3p
drap-1	cel-miR-1829c-5p
B0041.5	cel-miR-1829c-5p
T10B11.6	cel-miR-1829c-5p
C06E7.4	cel-miR-1829c-5p
F59B10.5	cel-miR-1829c-5p
R148.3	cel-miR-1829c-5p
C56G2.1	cel-miR-1829c-5p
F13D12.9	cel-miR-1829c-5p
acp-6	cel-miR-1829c-5p
R151.2	cel-miR-1829c-5p
F40F8.1	cel-miR-1829c-5p
asns-2	cel-miR-1829c-5p
F37B12.3	cel-miR-1829c-5p
ZC247.1	cel-miR-1829c-5p
C15H9.9	cel-miR-1829c-5p
F42A10.3	cel-miR-1829c-5p
T24H10.4	cel-miR-1829c-5p
K05F1.6	cel-miR-1829c-5p
lpin-1	cel-miR-1829c-5p
T27D12.1	cel-miR-1829c-5p
W03C9.5	cel-miR-1829c-5p
dlat-1	cel-miR-1829c-5p
EEED8.16	cel-miR-1829c-5p
eif-1	cel-miR-1829c-5p
T27D12.1	cel-miR-1829b-5p
F42A10.3	cel-miR-1829b-5p
drap-1	cel-miR-1829b-5p
C15H9.9	cel-miR-1829b-5p
F40E10.6	cel-miR-1829b-5p
W03C9.5	cel-miR-1829b-5p
F29B9.8	cel-miR-1829b-5p
F37B12.3	cel-miR-1829b-5p
R12E2.2	cel-miR-1829b-5p
T10B10.3	cel-miR-1829b-5p
F59B10.5	cel-miR-1829b-5p
nkb-1	cel-miR-1829b-5p
F13D12.9	cel-miR-1829b-5p
C56G2.1	cel-miR-1829b-5p
R148.3	cel-miR-1829b-5p
dlat-1	cel-miR-1829b-5p
got-2.2	cel-miR-1829b-5p
T24H10.4	cel-miR-1829b-5p
K05F1.6	cel-miR-1829b-5p
lpin-1	cel-miR-1829b-5p
eif-1	cel-miR-1829b-5p
C35C5.6	cel-miR-1829b-5p
asns-2	cel-miR-1829b-5p
ain-2	cel-miR-1829b-5p
EEED8.16	cel-miR-1829b-5p
mdh-1	cel-miR-1829b-5p
snrp-200	cel-miR-1829a-3p
C14A4.11	cel-miR-1829a-3p
T28F4.5	cel-miR-1829a-3p
F16A11.1	cel-miR-1829a-3p
guk-1	cel-miR-1829a-3p
ddo-2	cel-miR-1829a-3p
B0336.3	cel-miR-1829a-3p
idhb-1	cel-miR-1829a-3p
H42K12.3	cel-miR-1829a-3p
Y76A2B.5	cel-miR-1829a-3p
C44B7.10	cel-miR-1829a-3p
ogdh-1	cel-miR-1828
K07E3.1	cel-miR-1828
F13H6.1	cel-miR-1828
C15H9.9	cel-miR-1828
M01H9.3	cel-miR-1828
F16A11.1	cel-miR-1828
ZK688.5	cel-miR-1828
tos-1	cel-miR-1828
ZK484.1	cel-miR-1828
T10G3.1	cel-miR-1828
paqr-1	cel-miR-1828
R11F4.1	cel-miR-1828
C44B11.6	cel-miR-1828
B0303.3	cel-miR-1824-5p
C10E2.6	cel-miR-1828
T24B8.3	cel-miR-1824-5p
F54D1.6	cel-miR-1824-5p
E01A2.6	cel-miR-1824-5p
F38A5.7	cel-miR-1824-5p
K08D12.6	cel-miR-1824-5p
ZK688.5	cel-miR-1823-3p
ogdh-1	cel-miR-1823-3p
T10G3.1	cel-miR-1823-3p
C44B11.6	cel-miR-1823-3p
H03E18.1	cel-miR-1823-3p
paqr-1	cel-miR-1823-3p
B0361.9	cel-miR-1823-3p
Y71F9AL.9	cel-miR-1822-3p
F35G2.1	cel-miR-1822-3p
mvk-1	cel-miR-1822-3p
pkg-2	cel-miR-1822-3p
C33A11.1	cel-miR-1822-3p
E04D5.1	cel-miR-1822-3p
F26B1.2	cel-miR-1822-3p
ZK484.1	cel-miR-1822-3p
F26F12.3	cel-miR-1822-3p
C33A11.2	cel-miR-1822-3p
ZK484.3	cel-miR-1821-3p
T21G5.6	cel-miR-1822-3p
C13F10.4	cel-miR-1822-3p
K02E10.7	cel-miR-1821-3p
lpr-5	cel-miR-1821-3p
lsy-22	cel-miR-1821-3p
got-2.2	cel-miR-1821-3p
nkb-3	cel-miR-1821-3p
C10E2.6	cel-miR-1821-3p
F21C10.3	cel-miR-1821-3p
C34D10.2	cel-miR-1821-3p
B0336.3	cel-miR-1821-3p
F57G12.1	cel-miR-1821-3p
F32B5.6	cel-miR-1821-3p
mab-31	cel-miR-1821-3p
ZK470.2	cel-miR-1821-3p
K04F10.3	cel-miR-1821-3p
F01G4.6	cel-miR-1821-3p
saeg-2	cel-miR-1821-3p
nra-2	cel-miR-1820-5p
H10E21.5	cel-miR-1820-5p
F41E6.9	cel-miR-1820-5p
C15H9.9	cel-miR-1820-5p
ZK1248.13	cel-miR-1820-5p
F58H1.5	cel-miR-1820-5p
F46G10.2	cel-miR-1820-5p
DH11.2	cel-miR-1820-5p
R11F4.1	cel-miR-1820-5p
C07A9.9	cel-miR-1820-5p
B0361.9	cel-miR-1820-5p
aagr-4	cel-miR-1820-5p
F45D3.3	cel-miR-1820-5p
F21C10.3	cel-miR-1820-5p
C14A4.11	cel-miR-1820-5p
F21F3.6	cel-miR-1820-5p
F57G12.1	cel-miR-1820-5p
K10D6.4	cel-miR-1820-5p
tos-1	cel-miR-1820-5p
asns-2	cel-miR-1820-5p
F26B1.2	cel-miR-1820-5p
T22F3.3	cel-miR-1820-5p
C48E7.1	cel-miR-1820-5p
F45D3.2	cel-miR-1820-5p
B0336.3	cel-miR-1820-5p
ZK484.3	cel-miR-1820-5p
F56A8.3	cel-miR-1820-5p
F36D4.5	cel-miR-1820-5p
C16A3.10	cel-miR-1820-5p
T09B4.9	cel-miR-1820-5p
B0393.5	cel-miR-1820-5p
F55C12.1	cel-miR-1820-5p
C46C11.1	cel-miR-1820-5p
ZK180.5	cel-miR-1820-5p
R05D3.2	cel-miR-1820-5p
swsn-7	cel-miR-1820-5p
R148.3	cel-miR-1820-5p
C48E7.6	cel-miR-1820-5p
pkn-1	cel-miR-1820-5p
saeg-2	cel-miR-1820-5p
C56G2.1	cel-miR-1820-5p
F52F10.2	cel-miR-1820-5p
ZK131.11	cel-miR-1820-5p
tiar-1	cel-miR-1820-5p
M60.4	cel-miR-1820-5p
Y47D9A.1	cel-miR-1820-5p
F12B6.2	cel-miR-1820-5p
hpo-8	cel-miR-1820-5p
T10G3.1	cel-miR-1820-5p
Y54E10BL.3	cel-miR-1820-5p
F52A8.1	cel-miR-1820-5p
H36L18.2	cel-miR-1820-5p
K05F1.6	cel-miR-1820-5p
W01F3.1	cel-miR-1820-5p
lpr-5	cel-miR-1819-3p
tomm-40	cel-miR-1819-3p
C10E2.6	cel-miR-1819-3p
acs-20	cel-miR-1819-3p
C18E9.10	cel-miR-1819-3p
B0361.9	cel-miR-1819-3p
tos-1	cel-miR-1819-3p
erfa-3	cel-miR-1819-3p
F01G4.6	cel-miR-1819-3p
R02F2.1	cel-miR-1819-3p
F49C12.12	cel-miR-1819-3p
bet-2	cel-miR-1819-3p
T28F4.5	cel-miR-1819-3p
C28H8.3	cel-miR-1819-3p
F22F7.7	cel-miR-1819-3p
C48A7.2	cel-miR-1819-3p
K08D12.3	cel-miR-1819-3p
C48E7.1	cel-miR-1819-3p
Y74C9A.4	cel-miR-1819-3p
T27E4.7	cel-miR-1819-3p
mig-38	cel-miR-1819-3p
hpo-18	cel-miR-1819-3p
K10D3.4	cel-miR-1819-3p
F57G12.1	cel-miR-1819-3p
Y54G2A.26	cel-miR-1819-3p
asns-2	cel-miR-1819-3p
C48B6.10	cel-miR-1819-3p
R06C1.4	cel-miR-1819-3p
Y12A6A.2	cel-miR-1819-3p
C10G11.7	cel-miR-1819-3p
C09D4.4	cel-miR-1819-3p
C14C10.5	cel-miR-1818
idha-1	cel-miR-1818
ubr-1	cel-miR-1818
nkb-1	cel-miR-1818
Y53C12B.2	cel-miR-1818
K12H4.4	cel-miR-1818
C18F10.7	cel-miR-1818
ZK484.1	cel-miR-1818
F57G12.1	cel-miR-1818
F26B1.2	cel-miR-1818
F35G2.1	cel-miR-1818
asns-2	cel-miR-1818
swsn-7	cel-miR-1817
C56G2.1	cel-miR-1817
paqr-1	cel-miR-1817
C05C8.7	cel-miR-1817
ZK484.1	cel-miR-1817
pitp-1	cel-miR-1817
CC8.2	cel-miR-1022-5p
F21D5.7	cel-miR-1817
F49E2.5	cel-miR-1022-5p
F40E10.6	cel-miR-1022-5p
nstp-2	cel-miR-1022-5p
bet-2	cel-miR-1022-5p
R12E2.2	cel-miR-1022-5p
ZC190.4	cel-miR-1022-5p
vglu-2	cel-miR-1022-5p
B0410.3	cel-miR-1022-5p
R07G3.7	cel-miR-1022-5p
F38A5.7	cel-miR-1022-5p
F26B1.2	cel-miR-1022-5p
F21A3.3	cel-miR-1022-5p
F57F4.4	cel-miR-1022-5p
F45F2.10	cel-miR-1022-5p
Y17G7B.20	cel-miR-1022-5p
C09D4.4	cel-miR-1022-5p
ZK180.5	cel-miR-1022-5p
C34D10.2	cel-miR-1022-5p
C48E7.6	cel-miR-1022-5p
T27D12.1	cel-miR-1022-5p
K10D6.4	cel-miR-1022-5p
F56D2.6	cel-miR-1022-5p
drap-1	cel-miR-1022-5p
B0336.3	cel-miR-1022-5p
H10E21.5	cel-miR-1022-5p
F46G10.2	cel-miR-1022-5p
egg-6	cel-miR-1021
K02B12.7	cel-miR-1021
prmt-1	cel-miR-1021
pitp-1	cel-miR-1021
ZK1248.13	cel-miR-1021
Y71F9AL.9	cel-miR-1021
T27E4.7	cel-miR-1021
swsn-7	cel-miR-1021
Y12A6A.2	cel-miR-1021
F44A6.5	cel-miR-1021
K11H3.3	cel-miR-1021
camt-1	cel-miR-1021
C06A8.3	cel-miR-1021
C16A3.5	cel-miR-1021
F58B3.6	cel-miR-1021
paqr-1	cel-miR-1021
T25F10.3	cel-miR-1021
T14B1.1	cel-miR-1021
lsy-22	cel-miR-1021
Y43E12A.2	cel-miR-1021
C34D10.2	cel-miR-1021
Y47D9A.1	cel-miR-1021
panl-3	cel-miR-1021
F45D3.2	cel-miR-1021
C48A7.2	cel-miR-1021
F13H6.1	cel-miR-1021
hpo-18	cel-miR-1021
C37H5.6	cel-miR-1021
eef-1G	cel-miR-1021
F01G4.6	cel-miR-1021
F35H10.10	cel-miR-1021
K04F10.3	cel-miR-1021
F35G2.1	cel-miR-1021
T12G3.7	cel-miR-1021
swt-3	cel-miR-1021
F33G12.5	cel-miR-1021
R02F2.1	cel-miR-1021
F21D12.3	cel-miR-1021
T05G5.1	cel-miR-1021
AH9.6	cel-miR-1020-3p
swsn-6	cel-miR-1020-3p
T27D12.1	cel-miR-1020-3p
F59F4.2	cel-miR-1020-3p
EEED8.16	cel-miR-1020-3p
Y42H9AR.5	cel-miR-1020-3p
D1081.7	cel-miR-1020-3p
R09A8.5	cel-miR-1020-3p
C13F10.4	cel-miR-1020-3p
Y53C12B.2	cel-miR-1020-3p
T22F3.3	cel-miR-1020-3p
F44E5.1	cel-miR-1020-3p
Y51F10.7	cel-miR-1020-3p
Y76A2B.5	cel-miR-1020-3p
Y48G1A.2	cel-miR-1020-3p
F45D3.2	cel-miR-1020-3p
suca-1	cel-miR-1020-3p
pdha-1	cel-miR-1020-3p
F48D6.4	cel-miR-1020-3p
acp-6	cel-miR-1020-3p
T28F4.5	cel-miR-1020-3p
R107.5	cel-miR-1020-3p
tos-1	cel-miR-1020-3p
C16A3.5	cel-miR-1020-3p
asns-2	cel-miR-1020-3p
mvk-1	cel-miR-1020-3p
K08D12.6	cel-miR-1020-3p
R06C1.4	cel-miR-1020-3p
snrp-200	cel-miR-1020-3p
K06A9.1	cel-miR-1020-3p
C53A3.2	cel-miR-1020-3p
T06D8.1	cel-miR-1020-3p
B0336.3	cel-miR-1020-3p
nra-2	cel-miR-1020-3p
C15C8.3	cel-miR-1020-3p
ZC247.1	cel-miR-1020-3p
C33A11.1	cel-miR-1020-3p
K07H8.2	cel-miR-1020-3p
eef-1B.2	cel-miR-1020-3p
K08D12.3	cel-miR-1020-3p
lpr-5	cel-miR-1020-3p
F21D5.7	cel-miR-1020-3p
hpo-18	cel-miR-1020-3p
H28O16.1	cel-miR-1020-3p
R05D3.2	cel-miR-1020-3p
F33G12.5	cel-miR-1020-3p
R53.4	cel-miR-1020-3p
got-2.2	cel-miR-1020-3p
eef-1G	cel-miR-1020-3p
swt-3	cel-miR-1019-3p
ZC449.3	cel-miR-1019-3p
sams-3	cel-miR-1019-3p
Y74C9A.4	cel-miR-1019-3p
T05G5.1	cel-miR-1019-3p
Y71G12B.11	cel-miR-1019-3p
F58B3.6	cel-miR-1019-3p
T24B8.3	cel-miR-1019-3p
C44C1.5	cel-miR-1019-3p
T17H7.1	cel-miR-1019-3p
F45D3.2	cel-miR-1019-3p
C13C4.5	cel-miR-1019-3p
hpo-8	cel-miR-1019-3p
tiar-1	cel-miR-1019-3p
egg-6	cel-miR-1019-5p
nra-2	cel-miR-1019-5p
T27E4.7	cel-miR-1019-5p
M01H9.3	cel-miR-1019-5p
F52A8.1	cel-miR-1019-5p
T05G5.1	cel-miR-1019-5p
C02F5.7	cel-miR-1019-5p
K06A9.1	cel-miR-1019-5p
dmsr-7	cel-miR-1019-5p
Y42G9A.3	cel-miR-1019-5p
sec-12	cel-miR-1019-5p
C49H3.9	cel-miR-1019-5p
R11F4.1	cel-miR-1019-5p
Y71F9AL.9	cel-miR-1019-5p
F11E6.8	cel-miR-1019-5p
R07G3.7	cel-miR-1019-5p
nra-3	cel-miR-1019-5p
mig-38	cel-miR-1019-5p
K04C2.3	cel-miR-1019-5p
ZK180.5	cel-miR-1019-5p
bet-2	cel-miR-1019-5p
T06D8.1	cel-miR-1019-5p
catp-6	cel-miR-1019-5p
Y54E10BL.3	cel-miR-1019-5p
eif-1	cel-miR-1018
ZC449.3	cel-miR-1018
pitp-1	cel-miR-1018
M01H9.3	cel-miR-1018
Y54F10AM.5	cel-miR-1018
C29H12.2	cel-miR-1018
ubr-1	cel-miR-1018
F01G4.6	cel-miR-1018
fln-1	cel-miR-1018
F26A3.4	cel-miR-1018
F49C12.12	cel-miR-1018
R151.2	cel-miR-1018
R05D3.2	cel-miR-1018
saeg-2	cel-miR-1018
F58F12.1	cel-miR-1018
F48D6.4	cel-miR-1018
F26B1.2	cel-miR-1018
T27D12.1	cel-miR-1018
hpo-18	cel-miR-1018
ZK370.4	cel-miR-1018
swsn-6	cel-miR-1018
B0410.3	cel-miR-1018
suca-1	cel-miR-1018
ogdh-1	cel-miR-1018
T14B1.1	cel-miR-1018
T28F4.5	cel-miR-1018
C06A8.3	cel-miR-1018
C48A7.2	cel-miR-1018
E04D5.1	cel-miR-1018
H10E21.5	cel-miR-1018
F33D11.12	cel-miR-1018
mab-31	cel-miR-1018
Y47D9A.1	cel-miR-1018
F57G12.1	cel-miR-1018
F35G2.1	cel-miR-1018
drap-1	cel-miR-1018
K07H8.2	cel-miR-1018
C10E2.6	cel-miR-1018
F32B5.6	cel-miR-1018
K02E10.7	cel-miR-1018
T24B8.4	cel-miR-1018
F21F3.6	cel-miR-1018
ensa-1	cel-miR-1018
H05L03.3	cel-miR-1018
F45D3.3	cel-miR-1018
T27E4.7	cel-miR-1018
C38H2.2	cel-miR-800-3p
catp-6	cel-miR-800-3p
C44B11.6	cel-miR-800-3p
nra-3	cel-miR-800-3p
K08F8.1	cel-miR-800-3p
ubr-1	cel-miR-800-3p
C08G9.1	cel-miR-800-3p
F37B12.3	cel-miR-800-3p
K10D3.4	cel-miR-800-3p
camt-1	cel-miR-800-3p
T10G3.1	cel-miR-800-3p
F46G10.2	cel-miR-800-3p
ZC395.10	cel-miR-800-3p
R04E5.8	cel-miR-800-3p
C56G2.1	cel-miR-800-3p
T24B8.3	cel-miR-800-3p
W09D10.4	cel-miR-800-3p
E04D5.1	cel-miR-800-3p
ZK688.5	cel-miR-800-3p
T13C2.6	cel-miR-800-3p
T21G5.6	cel-miR-800-3p
C05C10.3	cel-miR-800-3p
tos-1	cel-miR-800-3p
K03A11.5	cel-miR-800-3p
pyk-1	cel-miR-800-3p
cec-6	cel-miR-800-3p
Y71F9AL.17	cel-miR-799
nkb-3	cel-miR-799
F37B12.3	cel-miR-799
C56G2.1	cel-miR-799
B0361.9	cel-miR-799
C52E4.5	cel-miR-799
H18N23.2	cel-miR-799
Y74C9A.4	cel-miR-798
F41C3.4	cel-miR-799
F35G2.1	cel-miR-799
C10E2.6	cel-miR-798
F44E2.4	cel-miR-798
E04D5.1	cel-miR-798
F57G12.1	cel-miR-798
F13D12.9	cel-miR-798
Y77E11A.12	cel-miR-797-5p
ZC395.10	cel-miR-797-5p
T05H10.7	cel-miR-797-5p
R12E2.2	cel-miR-797-5p
F13H6.1	cel-miR-797-5p
ZK470.2	cel-miR-797-5p
mvk-1	cel-miR-797-5p
D1081.7	cel-miR-797-5p
F01G4.6	cel-miR-797-5p
nkb-3	cel-miR-797-5p
hpo-34	cel-miR-797-5p
C48E7.6	cel-miR-797-5p
B0336.3	cel-miR-797-5p
C28H8.4	cel-miR-797-5p
F22H10.3	cel-miR-797-5p
K07H8.2	cel-miR-797-5p
F59F4.2	cel-miR-797-5p
dmsr-7	cel-miR-797-5p
F33G12.5	cel-miR-797-5p
ZC449.3	cel-miR-797-5p
C18E9.2	cel-miR-797-5p
mig-38	cel-miR-797-5p
F54D1.6	cel-miR-797-5p
F56D2.6	cel-miR-797-5p
Y71F9AL.9	cel-miR-797-5p
F29B9.8	cel-miR-797-5p
sec-16	cel-miR-797-5p
F21D5.7	cel-miR-797-5p
F36D4.5	cel-miR-797-5p
R06C1.4	cel-miR-797-5p
F37B12.3	cel-miR-797-5p
W01F3.1	cel-miR-797-5p
C08G9.1	cel-miR-797-5p
erfa-3	cel-miR-796
tomm-40	cel-miR-796
C29H12.2	cel-miR-796
C48A7.2	cel-miR-796
acs-20	cel-miR-796
C18E9.10	cel-miR-796
F22F7.7	cel-miR-796
B0361.9	cel-miR-796
K08D12.3	cel-miR-796
tos-1	cel-miR-796
F01G4.6	cel-miR-796
C28H8.3	cel-miR-796
bet-2	cel-miR-796
F35H10.10	cel-miR-796
R02F2.1	cel-miR-796
T27E4.7	cel-miR-796
F57G12.1	cel-miR-796
mig-38	cel-miR-796
K10D3.4	cel-miR-796
guk-1	cel-miR-796
F49C12.12	cel-miR-796
T08B2.7	cel-miR-796
C10E2.6	cel-miR-796
Y12A6A.2	cel-miR-796
T28F4.5	cel-miR-796
K02E10.7	cel-miR-796
Y74C9A.4	cel-miR-796
hpo-18	cel-miR-796
asns-2	cel-miR-796
C09D4.4	cel-miR-796
Y54G2A.26	cel-miR-796
C10G11.7	cel-miR-796
C48B6.10	cel-miR-796
prmt-1	cel-miR-795-5p
R06C1.4	cel-miR-796
K02E10.7	cel-miR-795-5p
R04F11.2	cel-miR-795-5p
ZK131.11	cel-miR-795-5p
F01G4.6	cel-miR-795-5p
K04F10.3	cel-miR-795-5p
C05D11.7	cel-miR-795-5p
saeg-2	cel-miR-795-5p
F21C10.3	cel-miR-795-5p
lpr-5	cel-miR-795-5p
got-2.2	cel-miR-795-5p
ZC190.4	cel-miR-795-5p
C10E2.6	cel-miR-795-5p
B0336.3	cel-miR-795-5p
F57G12.1	cel-miR-795-5p
mab-31	cel-miR-795-5p
K02E10.7	cel-miR-794-5p
nkb-3	cel-miR-794-5p
lsy-22	cel-miR-794-5p
K04F10.3	cel-miR-794-5p
saeg-2	cel-miR-794-5p
F01G4.6	cel-miR-794-5p
ZK131.11	cel-miR-794-5p
got-2.2	cel-miR-794-5p
F21C10.3	cel-miR-794-5p
C05D11.7	cel-miR-794-5p
C15H9.9	cel-miR-794-5p
F57G12.1	cel-miR-794-5p
Y54G2A.26	cel-miR-794-5p
C10E2.6	cel-miR-794-5p
lpr-5	cel-miR-794-5p
B0336.3	cel-miR-794-5p
mab-31	cel-miR-794-5p
K02E10.7	cel-miR-793
nkb-3	cel-miR-793
C15H9.9	cel-miR-793
ZK131.11	cel-miR-793
F01G4.6	cel-miR-793
saeg-2	cel-miR-793
lsy-22	cel-miR-793
K04F10.3	cel-miR-793
C05D11.7	cel-miR-793
got-2.2	cel-miR-793
tos-1	cel-miR-793
lpr-5	cel-miR-793
Y54G2A.26	cel-miR-793
R04F11.2	cel-miR-793
prmt-1	cel-miR-793
F57G12.1	cel-miR-793
ZC190.4	cel-miR-793
B0336.3	cel-miR-793
mab-31	cel-miR-793
C10E2.6	cel-miR-793
drap-1	cel-miR-792-3p
zip-10	cel-miR-792-3p
nra-2	cel-miR-792-3p
F32B5.6	cel-miR-792-3p
T28D9.1	cel-miR-792-3p
ZC449.3	cel-miR-792-3p
C34F6.1	cel-miR-792-3p
tomm-40	cel-miR-792-3p
T27E4.7	cel-miR-792-3p
ZK370.4	cel-miR-792-3p
F33D11.12	cel-miR-792-3p
K11H3.3	cel-miR-792-3p
F44A6.5	cel-miR-792-3p
K12H4.4	cel-miR-792-3p
fln-1	cel-miR-792-3p
DH11.2	cel-miR-792-3p
C56G2.1	cel-miR-792-3p
ZC247.1	cel-miR-792-3p
etf-1	cel-miR-792-3p
paqr-1	cel-miR-792-3p
C44C1.5	cel-miR-792-3p
C33A11.2	cel-miR-792-3p
F47B7.1	cel-miR-792-3p
got-2.2	cel-miR-792-3p
eef-1B.2	cel-miR-792-3p
K09G1.1	cel-miR-792-3p
C11H1.2	cel-miR-792-3p
F35G2.1	cel-miR-792-3p
Y76A2B.5	cel-miR-792-3p
R11F4.1	cel-miR-792-3p
lpr-5	cel-miR-792-3p
R05D3.2	cel-miR-792-3p
C37C3.2	cel-miR-792-3p
vglu-2	cel-miR-792-3p
F55C12.1	cel-miR-792-3p
R107.5	cel-miR-792-3p
F13D12.9	cel-miR-792-3p
sec-16	cel-miR-792-3p
F01G4.6	cel-miR-792-3p
F29B9.8	cel-miR-792-3p
C34E7.4	cel-miR-792-3p
tos-1	cel-miR-792-3p
T10B11.6	cel-miR-792-3p
asns-2	cel-miR-792-3p
C06A8.3	cel-miR-792-3p
R04E5.8	cel-miR-792-3p
pyk-1	cel-miR-792-3p
F26A3.4	cel-miR-792-3p
C15C8.4	cel-miR-792-3p
fust-1	cel-miR-792-3p
W01F3.1	cel-miR-792-3p
sec-12	cel-miR-792-3p
F58B3.6	cel-miR-792-3p
F45D3.2	cel-miR-792-3p
ZK484.3	cel-miR-792-3p
C48E7.6	cel-miR-792-3p
nrde-2	cel-miR-792-3p
T27D12.1	cel-miR-792-3p
C50B8.1	cel-miR-792-3p
C14C10.5	cel-miR-792-3p
C09D4.4	cel-miR-792-3p
K04B12.2	cel-miR-792-3p
M60.4	cel-miR-792-3p
K04F10.3	cel-miR-792-3p
C29H12.2	cel-miR-792-3p
F13H6.1	cel-miR-792-3p
F26F12.3	cel-miR-792-3p
ZK180.5	cel-miR-792-3p
F21C10.3	cel-miR-792-3p
T13C2.6	cel-miR-792-3p
K02B12.7	cel-miR-791-3p
egg-6	cel-miR-791-3p
F54D1.6	cel-miR-791-3p
B0416.5	cel-miR-791-3p
T08B2.7	cel-miR-791-3p
K11H3.3	cel-miR-791-3p
T26A5.5	cel-miR-791-3p
F41C3.4	cel-miR-791-3p
F45F2.10	cel-miR-791-3p
F38A5.7	cel-miR-791-3p
Y47D9A.1	cel-miR-791-3p
bet-2	cel-miR-791-3p
T06D8.1	cel-miR-791-3p
R05D3.2	cel-miR-791-3p
F12B6.2	cel-miR-791-3p
C25F6.7	cel-miR-791-3p
C56G2.1	cel-miR-791-3p
K02B12.7	cel-miR-790-5p
F54D1.6	cel-miR-790-5p
T08B2.7	cel-miR-790-5p
K11H3.3	cel-miR-790-5p
F12B6.2	cel-miR-790-5p
bet-2	cel-miR-790-5p
F38A5.7	cel-miR-790-5p
T26A5.5	cel-miR-790-5p
Y47D9A.1	cel-miR-790-5p
F57G12.1	cel-miR-790-5p
F45F2.10	cel-miR-790-5p
C25F6.7	cel-miR-790-5p
C56G2.1	cel-miR-790-5p
F12B6.2	cel-miR-789-3p
C06E1.3	cel-miR-789-3p
C37H5.6	cel-miR-789-3p
C08G9.1	cel-miR-789-3p
DH11.2	cel-miR-788-5p
F26F12.3	cel-miR-787-3p
R02F2.1	cel-miR-787-3p
F45D3.2	cel-miR-787-3p
T08B2.7	cel-miR-787-3p
M106.4	cel-miR-787-3p
T26A5.5	cel-miR-787-3p
T13C2.6	cel-miR-787-3p
noca-1	cel-miR-786-3p
C37H5.6	cel-miR-786-3p
C25A11.2	cel-miR-786-3p
C18E9.2	cel-miR-786-3p
R06C1.4	cel-miR-785-3p
pitp-1	cel-miR-785-3p
camt-1	cel-miR-785-3p
K11H3.3	cel-miR-785-3p
C03C10.4	cel-miR-785-3p
F34D10.4	cel-miR-785-3p
F58B3.6	cel-miR-785-3p
ZK180.5	cel-miR-785-3p
lsy-22	cel-miR-785-3p
T25F10.3	cel-miR-785-3p
K04F10.3	cel-miR-785-3p
T05G5.1	cel-miR-785-3p
hpo-18	cel-miR-785-3p
F35H10.10	cel-miR-785-3p
F44A6.5	cel-miR-785-3p
F42A10.3	cel-miR-785-3p
egg-6	cel-miR-785-3p
T12G3.7	cel-miR-785-3p
F55A11.1	cel-miR-785-3p
C14A4.11	cel-miR-785-3p
panl-3	cel-miR-785-3p
F38A5.7	cel-miR-785-3p
F35G2.1	cel-miR-785-3p
C38H2.2	cel-miR-784-5p
swt-3	cel-miR-785-3p
F21D12.3	cel-miR-785-3p
lec-12	cel-miR-784-5p
D1044.2	cel-miR-784-5p
Y47D9A.1	cel-miR-784-5p
E04D5.1	cel-miR-784-5p
K08D12.3	cel-miR-784-5p
F25G6.7	cel-miR-784-5p
F26A3.4	cel-miR-784-5p
F34D10.4	cel-miR-784-5p
ZK484.3	cel-miR-784-5p
R11F4.1	cel-miR-784-5p
T12G3.7	cel-miR-784-5p
F28H6.4	cel-miR-392-3p
F40E10.6	cel-miR-392-3p
eif-1	cel-miR-392-3p
C10E2.6	cel-miR-392-3p
bet-2	cel-miR-392-3p
F58B3.6	cel-miR-392-3p
R151.2	cel-miR-392-3p
C28H8.4	cel-miR-392-3p
F26B1.2	cel-miR-392-3p
B0303.3	cel-miR-392-3p
C34D10.2	cel-miR-392-3p
C08G9.1	cel-miR-392-3p
T22F3.3	cel-miR-392-3p
lsy-22	cel-miR-392-3p
EEED8.16	cel-miR-392-3p
T26A5.5	cel-miR-392-3p
idha-1	cel-lsy-6-3p
T27D12.1	cel-lsy-6-3p
C06E7.4	cel-lsy-6-3p
T04F8.6	cel-lsy-6-3p
F59B10.5	cel-lsy-6-3p
K08F8.1	cel-lsy-6-3p
F22F4.4	cel-lsy-6-3p
F12B6.2	cel-lsy-6-3p
F01G4.6	cel-lsy-6-3p
dmsr-7	cel-lsy-6-3p
C56G2.1	cel-lsy-6-3p
Y51F10.7	cel-lsy-6-3p
ZK688.5	cel-lsy-6-3p
C33A11.1	cel-lsy-6-3p
R05G6.7	cel-lsy-6-3p
dlst-1	cel-lsy-6-3p
T28F4.5	cel-lsy-6-3p
F22F7.7	cel-lsy-6-3p
ZK484.3	cel-lsy-6-3p
B0393.5	cel-lsy-6-3p
nra-2	cel-lsy-6-3p
pkg-2	cel-lsy-6-3p
F21F3.6	cel-lsy-6-3p
F45D3.2	cel-lsy-6-3p
C05C10.3	cel-lsy-6-3p
F44A6.5	cel-lsy-6-3p
F35H10.10	cel-lsy-6-3p
K08E3.5	cel-lsy-6-3p
nra-3	cel-lsy-6-3p
B0336.3	cel-lsy-6-3p
hrg-3	cel-lsy-6-3p
T10G3.1	cel-lsy-6-3p
T24B8.3	cel-lsy-6-3p
ZK484.1	cel-lsy-6-3p
B0252.3	cel-lsy-6-3p
C14C10.5	cel-lsy-6-3p
F26F12.3	cel-lsy-6-3p
F46G10.2	cel-lsy-6-3p
lsy-22	cel-lsy-6-3p
C15H9.9	cel-lsy-6-3p
men-1	cel-lsy-6-3p
C37H5.6	cel-miR-360-3p
tos-1	cel-miR-360-3p
F45D3.3	cel-miR-360-3p
K08E3.5	cel-miR-359
F47D12.9	cel-miR-359
mvk-1	cel-miR-359
T10G3.1	cel-miR-359
lsy-22	cel-miR-359
C29H12.2	cel-miR-359
saeg-1	cel-miR-359
F55C12.1	cel-miR-359
ZK688.5	cel-miR-359
F52F10.2	cel-miR-358-3p
nra-3	cel-miR-358-3p
hpo-8	cel-miR-358-3p
K03E6.7	cel-miR-358-3p
ZC449.3	cel-miR-358-3p
C08G9.1	cel-miR-358-3p
Y53C12B.2	cel-miR-358-3p
ensa-1	cel-miR-358-3p
F46G10.2	cel-miR-358-3p
R11F4.1	cel-miR-358-3p
F26A3.4	cel-miR-358-3p
F57G12.1	cel-miR-358-3p
F26B1.2	cel-miR-358-3p
C05D11.7	cel-miR-358-3p
K11H3.3	cel-miR-358-3p
T26A5.5	cel-miR-358-3p
ZK470.2	cel-miR-358-3p
Y48G1A.2	cel-miR-358-3p
F21F3.6	cel-miR-358-3p
AH9.6	cel-miR-357-3p
nra-3	cel-miR-357-3p
F21D12.3	cel-miR-357-3p
acs-22	cel-miR-357-3p
hrg-3	cel-miR-357-3p
nkb-3	cel-miR-357-3p
panl-3	cel-miR-357-3p
swsn-7	cel-miR-357-3p
D1081.7	cel-miR-357-3p
C11H1.2	cel-miR-357-3p
F58E10.3	cel-miR-357-3p
ZC395.10	cel-miR-357-3p
lpin-1	cel-miR-357-3p
F42H10.5	cel-miR-357-3p
dmsr-7	cel-miR-357-3p
idhb-1	cel-miR-357-3p
F16A11.1	cel-miR-357-3p
eef-1B.2	cel-miR-357-3p
T24B8.3	cel-miR-357-3p
C28H8.4	cel-miR-357-3p
C18E9.2	cel-miR-357-3p
K09G1.1	cel-miR-357-3p
C33A11.1	cel-miR-357-3p
C37C3.2	cel-miR-357-3p
lsy-22	cel-miR-357-3p
suca-1	cel-miR-357-3p
ZK662.2	cel-miR-357-3p
H18N23.2	cel-miR-357-3p
tos-1	cel-miR-357-3p
F58B3.6	cel-miR-357-3p
F58H1.5	cel-miR-357-3p
C14C10.4	cel-miR-357-3p
C06E1.3	cel-miR-357-3p
noca-1	cel-miR-357-3p
nrde-2	cel-miR-357-3p
C25A11.2	cel-miR-357-3p
R11F4.1	cel-miR-356a
F38A5.7	cel-miR-356a
C49H3.9	cel-miR-356a
T14B1.1	cel-miR-356a
T05G5.1	cel-miR-356a
K08F8.1	cel-miR-356a
egg-6	cel-miR-356a
Y54E10BL.3	cel-miR-356a
dmsr-7	cel-miR-356a
nra-2	cel-miR-356a
bet-2	cel-miR-356a
F52A8.1	cel-miR-356a
nra-3	cel-miR-356a
R148.3	cel-miR-356a
F11E6.8	cel-miR-356a
mig-38	cel-miR-356a
K04C2.3	cel-miR-356a
K06A9.1	cel-miR-356a
ZK180.5	cel-miR-356a
catp-6	cel-miR-356a
F42A10.3	cel-miR-355-5p
pkg-2	cel-miR-355-5p
F47D12.9	cel-miR-355-5p
R11F4.1	cel-miR-355-5p
F01G4.6	cel-miR-355-5p
F59B10.5	cel-miR-355-5p
idhb-1	cel-miR-355-5p
C25A11.2	cel-miR-355-5p
C33A11.1	cel-miR-355-5p
C05C10.3	cel-miR-355-5p
F26B1.2	cel-miR-355-5p
tos-1	cel-miR-355-5p
ZK688.5	cel-miR-355-5p
ZK686.1	cel-miR-355-5p
C16A3.5	cel-miR-355-5p
R107.5	cel-miR-355-5p
C01C4.3	cel-miR-355-5p
B0393.5	cel-miR-355-5p
K11H3.3	cel-miR-355-5p
C29H12.2	cel-miR-355-5p
Y51F10.7	cel-miR-355-5p
Y71G12B.11	cel-miR-355-5p
mab-31	cel-miR-355-5p
ZK484.3	cel-miR-355-5p
F45D3.3	cel-miR-355-5p
B0252.3	cel-miR-355-5p
C50B8.1	cel-miR-355-5p
snrp-200	cel-miR-355-5p
C34F6.1	cel-miR-355-5p
B0410.3	cel-miR-355-5p
K10D3.4	cel-miR-355-5p
F26F12.3	cel-miR-355-5p
C34E7.4	cel-miR-355-5p
DH11.5	cel-miR-355-5p
H05L03.3	cel-miR-355-5p
nra-2	cel-miR-355-5p
F57G12.1	cel-miR-355-5p
F45F2.10	cel-miR-355-5p
F21D5.7	cel-miR-355-5p
T26A5.5	cel-miR-355-5p
T23G7.3	cel-miR-355-5p
F45D3.2	cel-miR-355-5p
F55A11.1	cel-miR-355-5p
F16A11.1	cel-miR-355-5p
T27F7.1	cel-miR-355-5p
drap-1	cel-miR-355-5p
nkb-3	cel-miR-355-5p
Y74C9A.4	cel-miR-354-3p
egg-6	cel-miR-354-3p
ZK484.1	cel-miR-354-3p
tos-1	cel-miR-354-3p
ZK484.3	cel-miR-353
H36L18.2	cel-miR-353
B0393.5	cel-miR-353
ogdh-1	cel-miR-353
C05C8.7	cel-miR-353
T27E4.7	cel-miR-353
hrg-3	cel-miR-353
C15C8.4	cel-miR-353
T09B4.9	cel-miR-353
cec-6	cel-miR-353
ensa-1	cel-miR-353
C06A8.3	cel-miR-353
E04D5.1	cel-miR-353
F26A3.4	cel-miR-353
C02D5.2	cel-miR-353
R151.2	cel-miR-353
C52E4.5	cel-miR-353
R05D3.2	cel-miR-353
F25G6.7	cel-miR-353
lsy-22	cel-miR-353
nra-3	cel-miR-353
F26F12.3	cel-miR-353
F57G12.1	cel-miR-353
swt-3	cel-miR-353
F32B5.6	cel-miR-353
F41E6.9	cel-miR-353
B0336.3	cel-miR-273
C14C10.4	cel-miR-273
tos-1	cel-miR-273
C13C4.5	cel-miR-272
F55A11.1	cel-miR-272
nra-3	cel-miR-272
F59F4.2	cel-miR-272
F35H10.10	cel-miR-272
C48E7.6	cel-miR-272
ubr-1	cel-miR-272
F32B5.6	cel-miR-272
pyk-1	cel-miR-272
C02D5.2	cel-miR-271
C14C10.5	cel-miR-270
K11H3.3	cel-miR-270
R05G6.7	cel-miR-270
ZK1248.13	cel-miR-270
dlst-1	cel-miR-270
T08B2.7	cel-miR-270
R11F4.1	cel-miR-270
H03E18.1	cel-miR-270
M60.4	cel-miR-269
H10E21.5	cel-miR-269
F29B9.8	cel-miR-269
eif-1	cel-miR-269
nkb-3	cel-miR-269
C16A3.10	cel-miR-269
C29H12.2	cel-miR-269
dmsr-7	cel-miR-269
ensa-1	cel-miR-269
F52A8.1	cel-miR-269
C34D10.2	cel-miR-269
got-2.2	cel-miR-269
mab-31	cel-miR-269
K03E6.7	cel-miR-269
lec-12	cel-miR-269
C37H5.6	cel-miR-269
C52E4.5	cel-miR-269
C16A3.10	cel-miR-268
C29H12.2	cel-miR-268
got-2.2	cel-miR-268
C37H5.6	cel-miR-268
F29B9.8	cel-miR-268
H10E21.5	cel-miR-268
lec-12	cel-miR-268
mab-31	cel-miR-268
ensa-1	cel-miR-268
F52A8.1	cel-miR-268
C34D10.2	cel-miR-268
H18N23.2	cel-miR-268
K03E6.7	cel-miR-268
M60.4	cel-miR-268
nkb-3	cel-miR-268
C52E4.5	cel-miR-268
C35C5.6	cel-miR-267
F46G10.2	cel-miR-267
C05D11.7	cel-miR-267
T10B10.3	cel-miR-267
F40F8.1	cel-miR-267
C07A9.9	cel-miR-267
ZK470.2	cel-miR-267
M106.4	cel-miR-267
egg-6	cel-miR-266
F09B12.3	cel-miR-266
B0336.3	cel-miR-266
C11H1.2	cel-miR-266
got-2.2	cel-miR-266
F29B9.8	cel-miR-266
H18N23.2	cel-miR-266
T12G3.2	cel-miR-266
ZK180.5	cel-miR-266
F47B7.1	cel-miR-266
lec-12	cel-miR-266
T12G3.7	cel-miR-266
Y57A10B.1	cel-miR-266
F52A8.1	cel-miR-266
mab-31	cel-miR-266
K03E6.7	cel-miR-266
T27D12.1	cel-miR-265
H36L18.2	cel-miR-265
acs-22	cel-miR-265
F36D4.5	cel-miR-265
ZK370.4	cel-miR-265
F26A3.4	cel-miR-265
R04E5.8	cel-miR-265
F45D3.3	cel-miR-265
R05D3.2	cel-miR-265
C18E9.2	cel-miR-265
T28F4.5	cel-miR-265
K04F10.3	cel-miR-265
idhb-1	cel-miR-265
T27E4.7	cel-miR-265
F35H10.10	cel-miR-265
B0361.9	cel-miR-265
C48A7.2	cel-miR-265
ZK131.11	cel-miR-265
Y74C9A.4	cel-miR-264
K09H9.7	cel-miR-265
F57G12.1	cel-miR-264
T10B10.4	cel-miR-262
hrg-3	cel-miR-264
T11G6.5	cel-miR-262
spo-7	cel-miR-262
K07E3.1	cel-miR-262
B0336.3	cel-miR-262
idhb-1	cel-miR-262
C25A11.2	cel-miR-262
ZK688.5	cel-miR-262
F21F3.6	cel-miR-262
tos-1	cel-miR-262
F22F7.7	cel-miR-262
egal-1	cel-miR-262
F21D5.7	cel-miR-262
F30A10.9	cel-miR-262
C15C8.4	cel-miR-261
F40F8.1	cel-miR-261
F48D6.4	cel-miR-261
noca-1	cel-miR-261
H36L18.2	cel-miR-261
T27F7.1	cel-miR-261
T24H10.4	cel-miR-261
F22D3.6	cel-miR-261
C48E7.1	cel-miR-261
R148.3	cel-miR-261
C01C4.3	cel-miR-261
K08F8.1	cel-miR-261
R02F2.1	cel-miR-260
ensa-1	cel-miR-260
R11F4.1	cel-miR-260
tatn-1	cel-miR-260
F21F3.6	cel-miR-260
B0303.3	cel-miR-260
attf-2	cel-miR-260
F36D4.5	cel-miR-260
F35G2.1	cel-miR-260
egal-1	cel-miR-260
C34D10.2	cel-miR-260
ZK180.5	cel-miR-260
C56G2.1	cel-miR-260
F21D12.3	cel-miR-260
F22B7.9	cel-miR-260
C16A3.10	cel-miR-260
Y71F9AL.9	cel-miR-260
F59F4.2	cel-miR-259-5p
C27B7.2	cel-miR-259-5p
F02A9.4	cel-miR-259-5p
W01F3.1	cel-miR-259-5p
C15H9.9	cel-miR-259-5p
Y59E9AL.4	cel-miR-259-5p
R02F2.1	cel-miR-259-5p
F44E5.1	cel-miR-259-5p
Y42G9A.3	cel-miR-259-5p
snrp-200	cel-miR-259-5p
B0336.3	cel-miR-259-5p
T09B4.9	cel-miR-259-5p
F22D3.6	cel-miR-259-5p
R06C1.4	cel-miR-259-5p
F13H6.1	cel-miR-259-5p
F35H10.10	cel-miR-259-5p
T13C2.6	cel-miR-259-5p
T22F3.3	cel-miR-259-5p
F54D1.6	cel-miR-258
F26A3.4	cel-miR-259-5p
K09H9.7	cel-miR-259-5p
M01H9.3	cel-miR-258
ZK131.11	cel-miR-258
DH11.5	cel-miR-258
C29H12.2	cel-miR-258
F59B10.5	cel-miR-258
F01G4.6	cel-miR-258
F26B1.2	cel-miR-258
T25F10.6	cel-miR-258
egg-6	cel-miR-258
F21F3.6	cel-miR-258
swsn-7	cel-miR-258
F26F12.3	cel-miR-258
F35H10.10	cel-miR-258
Y71G12B.11	cel-miR-258
R13H4.5	cel-miR-258
Y47D9A.1	cel-miR-258
F46G10.2	cel-miR-258
nra-3	cel-miR-258
mig-38	cel-miR-258
R05D3.2	cel-miR-258
W01F3.1	cel-miR-258
F55C12.1	cel-miR-258
R11.2	cel-miR-258
C16A3.10	cel-miR-258
C34E7.4	cel-miR-258
nra-2	cel-miR-258
Y71F9AL.9	cel-miR-258
acs-22	cel-miR-258
F59F4.2	cel-miR-257
nkb-3	cel-miR-258
ZK180.5	cel-miR-258
prmt-1	cel-miR-257
Y42G9A.3	cel-miR-257
Y17G7B.20	cel-miR-257
T28F4.5	cel-miR-257
T14B1.1	cel-miR-257
cec-6	cel-miR-257
tos-1	cel-miR-257
C10E2.6	cel-miR-257
T24H10.4	cel-miR-257
M60.4	cel-miR-256
atad-3	cel-miR-257
C29H12.2	cel-miR-256
C48A7.2	cel-miR-256
C10E2.6	cel-miR-256
etf-1	cel-miR-256
acs-20	cel-miR-256
B0361.9	cel-miR-256
tos-1	cel-miR-256
F49C12.12	cel-miR-256
F22F7.7	cel-miR-256
K08D12.3	cel-miR-256
R02F2.1	cel-miR-256
C28H8.3	cel-miR-256
T28F4.5	cel-miR-256
mig-38	cel-miR-256
F57G12.1	cel-miR-256
T27E4.7	cel-miR-256
Y74C9A.4	cel-miR-256
guk-1	cel-miR-256
K10D3.4	cel-miR-256
T08B2.7	cel-miR-256
asns-2	cel-miR-256
K02E10.7	cel-miR-256
hpo-18	cel-miR-256
lpr-5	cel-miR-256
Y54G2A.26	cel-miR-256
C48E7.1	cel-miR-256
Y12A6A.2	cel-miR-256
R06C1.4	cel-miR-256
C48B6.10	cel-miR-256
C10G11.7	cel-miR-256
C13C4.5	cel-miR-255-3p
C09D4.4	cel-miR-256
T10B11.6	cel-miR-255-3p
ZK131.11	cel-miR-255-3p
C15H9.9	cel-miR-255-3p
F13H6.1	cel-miR-255-3p
F52A8.1	cel-miR-255-3p
H05L03.3	cel-miR-255-3p
C50B8.1	cel-miR-255-3p
idhb-1	cel-miR-255-3p
F45D3.3	cel-miR-255-3p
F49C12.12	cel-miR-255-3p
suca-1	cel-miR-255-3p
T24H10.4	cel-miR-255-3p
pyk-1	cel-miR-255-3p
C27B7.2	cel-miR-255-3p
C37C3.2	cel-miR-255-3p
tos-1	cel-miR-255-3p
C09D4.4	cel-miR-255-3p
C11H1.2	cel-miR-255-3p
T17H7.1	cel-miR-255-3p
T27D12.1	cel-miR-255-3p
R151.2	cel-miR-255-3p
T05G5.1	cel-miR-255-3p
catp-6	cel-miR-254-3p
CC8.2	cel-miR-254-3p
aldo-1	cel-miR-254-3p
nra-3	cel-miR-254-3p
F09B12.3	cel-miR-254-3p
Y59E9AL.4	cel-miR-254-3p
B0336.3	cel-miR-254-3p
F55C12.1	cel-miR-254-3p
egal-1	cel-miR-254-3p
R12E2.2	cel-miR-254-3p
T22F3.3	cel-miR-254-3p
dmsr-7	cel-miR-254-3p
C56G2.1	cel-miR-254-3p
Y51F10.7	cel-miR-254-3p
C07A9.9	cel-miR-254-3p
F14B4.3	cel-miR-254-3p
eef-1G	cel-miR-254-3p
paqr-1	cel-miR-254-3p
K07H8.2	cel-miR-254-3p
F57G12.1	cel-miR-254-3p
C13F10.4	cel-miR-254-3p
F26F12.3	cel-miR-254-3p
Y71H2AM.5	cel-miR-254-3p
Y57A10B.1	cel-miR-254-3p
C48A7.2	cel-miR-254-3p
T26A5.5	cel-miR-254-3p
T12G3.2	cel-miR-254-3p
Y76A2B.5	cel-miR-254-3p
T24B8.4	cel-miR-254-3p
F32B5.6	cel-miR-254-3p
T05H10.7	cel-miR-254-3p
DH11.5	cel-miR-254-3p
F09B12.3	cel-miR-253-3p
ain-2	cel-miR-253-3p
K06A9.1	cel-miR-253-3p
F46G10.2	cel-miR-253-3p
C33A11.2	cel-miR-253-3p
noca-1	cel-miR-253-3p
B0303.3	cel-miR-253-3p
acp-6	cel-miR-253-3p
ZK470.2	cel-miR-253-3p
C48B6.3	cel-miR-253-3p
F26B1.2	cel-miR-253-3p
F57G12.1	cel-miR-253-3p
Y43F4A.1	cel-miR-253-3p
F52A8.1	cel-miR-253-5p
R12E2.2	cel-miR-253-5p
tomm-20	cel-miR-253-5p
nkb-1	cel-miR-253-5p
Y71F9AL.9	cel-miR-253-5p
F44E2.4	cel-miR-253-5p
C34E7.4	cel-miR-253-5p
egg-6	cel-miR-252-5p
K09H9.7	cel-miR-252-5p
F40E10.6	cel-miR-252-5p
F13H6.1	cel-miR-252-5p
F34D10.4	cel-miR-252-5p
F44A6.5	cel-miR-252-5p
Y42G9A.3	cel-miR-252-5p
DH11.2	cel-miR-252-5p
T28F4.5	cel-miR-252-5p
F16A11.1	cel-miR-252-5p
F44E2.4	cel-miR-252-5p
C25F6.7	cel-miR-252-5p
nra-3	cel-miR-252-5p
T17H7.1	cel-miR-252-5p
hpo-34	cel-miR-252-5p
F35H10.10	cel-miR-252-5p
nra-2	cel-miR-251
F40E10.6	cel-miR-251
acs-22	cel-miR-251
fln-1	cel-miR-251
F44E2.4	cel-miR-251
tatn-1	cel-miR-251
F13H6.1	cel-miR-251
F35H10.10	cel-miR-251
T17H7.1	cel-miR-251
nra-3	cel-miR-251
C25F6.7	cel-miR-251
Y77E11A.12	cel-miR-250-3p
F59F4.2	cel-miR-250-3p
F33G12.5	cel-miR-250-3p
F13H6.1	cel-miR-250-3p
B0252.3	cel-miR-250-3p
R12E2.2	cel-miR-250-3p
R02F2.1	cel-miR-250-3p
B0303.3	cel-miR-250-3p
dmsr-7	cel-miR-250-3p
hpo-34	cel-miR-250-3p
F21F3.6	cel-miR-250-3p
lpr-5	cel-miR-250-3p
D1081.7	cel-miR-250-3p
B0336.3	cel-miR-250-3p
F22H10.3	cel-miR-250-3p
mvk-1	cel-miR-250-3p
T24B8.4	cel-miR-250-3p
C48E7.6	cel-miR-250-3p
C28H8.4	cel-miR-250-3p
ZK470.2	cel-miR-250-3p
nkb-3	cel-miR-250-3p
R06C1.4	cel-miR-250-3p
F01G4.6	cel-miR-250-3p
C18E9.2	cel-miR-250-3p
F36D4.5	cel-miR-250-3p
F37B12.3	cel-miR-250-3p
ZC449.3	cel-miR-250-3p
Y71F9AL.9	cel-miR-250-3p
F56D2.6	cel-miR-250-3p
mig-38	cel-miR-250-3p
sec-16	cel-miR-250-3p
C08G9.1	cel-miR-250-3p
F21D5.7	cel-miR-250-3p
C38H2.2	cel-miR-249-3p
CC8.2	cel-miR-249-3p
lec-12	cel-miR-249-3p
K02E10.7	cel-miR-249-3p
R12E2.2	cel-miR-249-3p
F22F7.7	cel-miR-249-3p
C48E7.6	cel-miR-249-3p
C18E9.2	cel-miR-249-3p
nra-3	cel-miR-249-3p
B0336.3	cel-miR-249-3p
C46C11.1	cel-miR-249-3p
Y42G9A.3	cel-miR-249-3p
F16A11.1	cel-miR-249-3p
Y71F9AL.9	cel-miR-249-3p
F56D2.6	cel-miR-249-3p
mig-38	cel-miR-249-3p
hpo-34	cel-miR-249-3p
W01F3.1	cel-miR-249-3p
C10E2.6	cel-miR-248
C25F6.7	cel-miR-248
Y43F4A.1	cel-miR-248
nap-1	cel-miR-248
F26B1.2	cel-miR-248
C34D10.2	cel-miR-248
F13H6.1	cel-miR-248
C09D4.4	cel-miR-248
F22F7.7	cel-miR-248
C15C8.4	cel-miR-248
F35H10.10	cel-miR-248
H42K12.3	cel-miR-248
C46C11.1	cel-miR-248
men-1	cel-miR-248
F32B5.6	cel-miR-248
T24B8.4	cel-miR-247-3p
F44A6.5	cel-miR-247-3p
F58B3.6	cel-miR-247-3p
F55A11.1	cel-miR-247-3p
Y77E11A.12	cel-miR-247-3p
F47D12.9	cel-miR-247-3p
T04F8.6	cel-miR-247-3p
B0041.5	cel-miR-247-3p
hpo-34	cel-miR-247-3p
H05L03.3	cel-miR-247-3p
F35H10.10	cel-miR-247-3p
suca-1	cel-miR-247-3p
vglu-2	cel-miR-247-3p
mab-31	cel-miR-247-3p
K10D6.4	cel-miR-247-3p
F58H1.5	cel-miR-247-3p
B0361.9	cel-miR-247-3p
F13D12.9	cel-miR-247-3p
ZC449.3	cel-miR-247-3p
K07H8.2	cel-miR-247-3p
C38H2.2	cel-miR-247-3p
T27E4.7	cel-miR-247-3p
panl-3	cel-miR-246-3p
F52A8.1	cel-miR-246-3p
F44E5.1	cel-miR-246-3p
F46G10.2	cel-miR-246-3p
idhb-1	cel-miR-246-3p
R05D3.2	cel-miR-246-3p
Y47D9A.1	cel-miR-246-3p
T14B1.1	cel-miR-246-3p
R107.5	cel-miR-246-3p
ZK484.1	cel-miR-246-3p
AH9.6	cel-miR-246-3p
F45D3.2	cel-miR-246-3p
F57F4.4	cel-miR-246-3p
F44E2.4	cel-miR-246-3p
B0361.9	cel-miR-246-3p
C48E7.1	cel-miR-246-3p
C09D4.4	cel-miR-246-3p
F47D12.9	cel-miR-246-3p
W03C9.5	cel-miR-246-3p
T13C2.6	cel-miR-246-3p
F45D3.3	cel-miR-246-3p
F26A3.4	cel-miR-246-3p
R09A8.5	cel-miR-246-3p
M60.4	cel-miR-246-3p
Y71G12B.11	cel-miR-246-3p
scav-2	cel-miR-246-3p
C38H2.2	cel-miR-246-3p
F52F10.2	cel-miR-245-3p
nra-3	cel-miR-245-3p
eif-1	cel-miR-245-3p
T28D9.1	cel-miR-245-3p
ZC449.3	cel-miR-245-3p
hpo-8	cel-miR-245-3p
C05D11.7	cel-miR-245-3p
F52A8.1	cel-miR-245-3p
C08G9.1	cel-miR-245-3p
F46G10.2	cel-miR-245-3p
ensa-1	cel-miR-245-3p
T26A5.5	cel-miR-245-3p
K08D12.3	cel-miR-245-3p
R148.3	cel-miR-245-3p
F26A3.4	cel-miR-245-3p
F21F3.6	cel-miR-245-3p
ZK484.1	cel-miR-245-3p
C49G7.3	cel-miR-245-3p
Y53C12B.2	cel-miR-245-3p
R11F4.1	cel-miR-245-3p
Y48G1A.2	cel-miR-245-3p
M60.4	cel-miR-245-3p
Y12A6A.2	cel-miR-245-3p
K11H3.3	cel-miR-245-3p
rsbp-1	cel-miR-245-3p
ZK470.2	cel-miR-245-3p
F35G2.1	cel-miR-245-3p
F58H1.5	cel-miR-245-3p
hmg-20	cel-miR-244-5p
nstp-2	cel-miR-244-5p
C06E1.3	cel-miR-244-5p
F45D3.2	cel-miR-244-5p
lpr-5	cel-miR-244-5p
F26B1.2	cel-miR-244-5p
tos-1	cel-miR-244-5p
C56G2.1	cel-miR-244-5p
swt-3	cel-miR-244-5p
T14B1.1	cel-miR-244-5p
C28H8.4	cel-miR-244-5p
F21F3.6	cel-miR-244-5p
C48B6.10	cel-miR-244-5p
F58H1.5	cel-miR-244-5p
F40E10.6	cel-miR-243-3p
C48A7.2	cel-miR-243-3p
C37H5.6	cel-miR-243-3p
R09A8.5	cel-miR-243-3p
C35C5.6	cel-miR-243-3p
ogdh-1	cel-miR-242
T19C3.4	cel-miR-242
prmt-1	cel-miR-241-5p
K02E10.7	cel-miR-241-5p
nkb-3	cel-miR-241-5p
C15H9.9	cel-miR-241-5p
F01G4.6	cel-miR-241-5p
Y54G2A.26	cel-miR-241-5p
lsy-22	cel-miR-241-5p
K04F10.3	cel-miR-241-5p
tos-1	cel-miR-241-5p
saeg-2	cel-miR-241-5p
R04F11.2	cel-miR-241-5p
F21C10.3	cel-miR-241-5p
lpr-5	cel-miR-241-5p
got-2.2	cel-miR-241-5p
ZK470.2	cel-miR-241-5p
ZC190.4	cel-miR-241-5p
C10E2.6	cel-miR-241-5p
B0336.3	cel-miR-241-5p
mab-31	cel-miR-241-5p
F57G12.1	cel-miR-241-5p
T06D8.1	cel-miR-240-3p
C44B11.6	cel-miR-240-3p
acs-20	cel-miR-240-3p
Y71H2AM.5	cel-miR-240-3p
paqr-1	cel-miR-240-3p
idhb-1	cel-miR-240-3p
K08D12.6	cel-miR-240-3p
H03E18.1	cel-miR-240-3p
C14C10.5	cel-miR-239b-5p
B0393.5	cel-miR-239b-5p
T24B8.3	cel-miR-239b-5p
R02F2.1	cel-miR-239b-5p
ZK688.5	cel-miR-239b-5p
F21F3.6	cel-miR-239b-5p
lsy-22	cel-miR-239b-5p
R05G6.7	cel-miR-239b-5p
K08E3.5	cel-miR-239b-5p
nra-3	cel-miR-239b-5p
T10G3.1	cel-miR-239b-5p
R09A8.5	cel-miR-239b-5p
F45D3.2	cel-miR-239b-5p
pkg-2	cel-miR-239b-5p
hrg-3	cel-miR-239b-5p
T27D12.1	cel-miR-239b-5p
B0336.3	cel-miR-239b-5p
F46G10.2	cel-miR-239b-5p
K08F8.1	cel-miR-239b-5p
F57G12.1	cel-miR-239b-5p
C46C11.1	cel-miR-239b-5p
H18N23.2	cel-miR-239b-5p
ZK484.1	cel-miR-239b-5p
C14C10.5	cel-miR-239a-5p
K08E3.5	cel-miR-239a-5p
R02F2.1	cel-miR-239a-5p
B0393.5	cel-miR-239a-5p
T24B8.3	cel-miR-239a-5p
ZK688.5	cel-miR-239a-5p
F21F3.6	cel-miR-239a-5p
lsy-22	cel-miR-239a-5p
R05G6.7	cel-miR-239a-5p
R09A8.5	cel-miR-239a-5p
nra-3	cel-miR-239a-5p
F45D3.2	cel-miR-239a-5p
T10G3.1	cel-miR-239a-5p
hrg-3	cel-miR-239a-5p
pkg-2	cel-miR-239a-5p
B0336.3	cel-miR-239a-5p
T27D12.1	cel-miR-239a-5p
F46G10.2	cel-miR-239a-5p
K08F8.1	cel-miR-239a-5p
F57G12.1	cel-miR-239a-5p
C46C11.1	cel-miR-239a-5p
H18N23.2	cel-miR-239a-5p
ZK484.1	cel-miR-239a-5p
C14C10.5	cel-miR-238-3p
B0393.5	cel-miR-238-3p
F44A6.5	cel-miR-238-3p
F59B10.5	cel-miR-238-3p
men-1	cel-miR-238-3p
T24B8.3	cel-miR-238-3p
F21F3.6	cel-miR-238-3p
ZK688.5	cel-miR-238-3p
nra-3	cel-miR-238-3p
R05G6.7	cel-miR-238-3p
F45D3.2	cel-miR-238-3p
T10G3.1	cel-miR-238-3p
pkg-2	cel-miR-238-3p
T27D12.1	cel-miR-238-3p
C15H9.9	cel-miR-238-3p
B0336.3	cel-miR-238-3p
R09A8.5	cel-miR-238-3p
K08F8.1	cel-miR-238-3p
hrg-3	cel-miR-238-3p
F46G10.2	cel-miR-238-3p
C46C11.1	cel-miR-238-3p
H18N23.2	cel-miR-238-3p
F57G12.1	cel-miR-238-3p
ZK484.1	cel-miR-238-3p
C08G9.1	cel-miR-237-5p
F12B6.2	cel-miR-237-5p
T12G3.2	cel-miR-236-3p
CC8.2	cel-miR-236-3p
C37H5.6	cel-miR-237-5p
nstp-2	cel-miR-236-3p
eif-1	cel-miR-236-3p
F02A9.4	cel-miR-236-3p
F09B12.3	cel-miR-236-3p
K08D12.6	cel-miR-236-3p
Y74C9A.4	cel-miR-236-3p
F22H10.3	cel-miR-236-3p
ndk-1	cel-miR-236-3p
C46C11.1	cel-miR-236-3p
C25F6.7	cel-miR-236-3p
C10E2.6	cel-miR-236-3p
F59B10.5	cel-miR-236-3p
camt-1	cel-miR-236-3p
F46G10.2	cel-miR-236-3p
F01G4.6	cel-miR-236-3p
R04E5.8	cel-miR-236-3p
T13C2.6	cel-miR-236-3p
tos-1	cel-miR-236-3p
C53A3.2	cel-miR-236-3p
C33A11.2	cel-miR-236-3p
K03A11.5	cel-miR-236-3p
F47D12.9	cel-miR-236-3p
R05D3.2	cel-miR-236-3p
nrde-2	cel-miR-236-3p
lsy-22	cel-miR-236-3p
F44E5.5	cel-miR-236-3p
F35G2.1	cel-miR-236-3p
T12G3.7	cel-miR-236-3p
paqr-1	cel-miR-236-3p
C06E1.3	cel-miR-236-3p
C37H5.6	cel-miR-236-3p
ZC190.4	cel-miR-236-3p
T05G5.1	cel-miR-236-3p
M60.4	cel-miR-235-3p
hrg-3	cel-miR-235-3p
Y71H2AM.5	cel-miR-235-3p
H42K12.3	cel-miR-235-3p
paqr-1	cel-miR-235-3p
C44C1.5	cel-miR-235-3p
F57G12.1	cel-miR-235-3p
K04F10.3	cel-miR-235-3p
R13H4.5	cel-miR-235-3p
M01H9.3	cel-miR-235-3p
F32B5.6	cel-miR-235-3p
C44B7.10	cel-miR-235-3p
F22F4.4	cel-miR-235-3p
K11H3.3	cel-miR-235-3p
F40F8.1	cel-miR-235-3p
C13F10.4	cel-miR-235-3p
swt-3	cel-miR-235-3p
egal-1	cel-miR-235-3p
swsn-6	cel-miR-234-3p
M01H9.3	cel-miR-234-3p
ZC449.3	cel-miR-234-3p
C25F6.7	cel-miR-234-3p
C05D11.7	cel-miR-234-3p
D1081.7	cel-miR-234-3p
C16A3.10	cel-miR-234-3p
Y53C12B.2	cel-miR-234-3p
T22F3.3	cel-miR-234-3p
K06A9.1	cel-miR-234-3p
T24B8.3	cel-miR-234-3p
T14B1.1	cel-miR-234-3p
F57F4.4	cel-miR-234-3p
F58F12.1	cel-miR-234-3p
Y82E9BR.16	cel-miR-234-3p
egal-1	cel-miR-234-3p
C08G9.1	cel-miR-234-3p
eef-1G	cel-miR-234-3p
W09D10.4	cel-miR-234-3p
K08D12.3	cel-miR-234-3p
K11H3.3	cel-miR-234-3p
F22F4.4	cel-miR-234-3p
C44B7.10	cel-miR-234-3p
nstp-2	cel-miR-233-3p
Y42G9A.3	cel-miR-233-3p
C14A4.11	cel-miR-233-3p
sec-12	cel-miR-233-3p
F38A5.7	cel-miR-233-3p
H18N23.2	cel-miR-233-3p
K08F8.1	cel-miR-233-3p
T05G5.1	cel-miR-233-3p
nra-2	cel-miR-233-3p
Y54E10BL.3	cel-miR-233-3p
dmsr-7	cel-miR-233-3p
F52A8.1	cel-miR-233-3p
nra-3	cel-miR-233-3p
T14B1.1	cel-miR-233-3p
egg-6	cel-miR-233-3p
bet-2	cel-miR-233-3p
mig-38	cel-miR-233-3p
R148.3	cel-miR-233-3p
K06A9.1	cel-miR-233-3p
F11E6.8	cel-miR-233-3p
ZK180.5	cel-miR-233-3p
K04C2.3	cel-miR-233-3p
F26F12.3	cel-miR-231-3p
catp-6	cel-miR-233-3p
R02F2.1	cel-miR-231-3p
M106.4	cel-miR-231-3p
T26A5.5	cel-miR-231-3p
F45D3.2	cel-miR-231-3p
T13C2.6	cel-miR-231-3p
T08B2.7	cel-miR-231-3p
T27D12.1	cel-miR-230-3p
F59F4.2	cel-miR-230-3p
F44E5.5	cel-miR-230-3p
C05C8.7	cel-miR-230-3p
T10B10.3	cel-miR-230-3p
F46G10.2	cel-miR-230-3p
C06A8.3	cel-miR-230-3p
F21F3.6	cel-miR-230-3p
F39B2.8	cel-miR-230-3p
C05C10.3	cel-miR-230-3p
F26B1.2	cel-miR-230-3p
tos-1	cel-miR-230-3p
K07H8.2	cel-miR-230-3p
C50B8.1	cel-miR-230-3p
lsy-22	cel-miR-230-3p
noca-1	cel-miR-230-3p
K08D12.6	cel-miR-230-3p
K06A9.1	cel-miR-230-3p
lpr-5	cel-miR-230-3p
R05D3.2	cel-miR-230-3p
K08E3.5	cel-miR-230-3p
sams-3	cel-miR-229-5p
K07E3.1	cel-miR-229-5p
ZK470.2	cel-miR-229-5p
T10B11.6	cel-miR-229-5p
B0336.3	cel-miR-229-5p
hpo-34	cel-miR-229-5p
C46C11.1	cel-miR-229-5p
T10G3.1	cel-miR-229-5p
F46G10.2	cel-miR-229-5p
noca-1	cel-miR-229-5p
F58H1.5	cel-miR-229-5p
F34D10.4	cel-miR-229-5p
asns-2	cel-miR-229-5p
idhb-1	cel-miR-229-5p
C37H5.6	cel-miR-229-5p
Y51F10.7	cel-miR-229-5p
C50B8.1	cel-miR-229-5p
F16A11.1	cel-miR-229-5p
B0303.3	cel-miR-229-5p
C37C3.2	cel-miR-229-5p
R05G6.7	cel-miR-229-5p
M02D8.1	cel-miR-229-5p
M60.4	cel-miR-229-5p
K06A9.1	cel-miR-229-5p
F10D7.5	cel-miR-229-5p
F21D12.3	cel-miR-229-5p
aldo-1	cel-miR-229-5p
suca-1	cel-miR-229-5p
T11G6.5	cel-miR-229-5p
nstp-2	cel-miR-229-5p
C33A11.1	cel-miR-229-5p
pkn-1	cel-miR-229-5p
F40E10.6	cel-miR-229-5p
F21C10.3	cel-miR-229-5p
got-2.2	cel-miR-229-5p
nra-3	cel-miR-229-5p
tatn-1	cel-miR-228-5p
dlat-1	cel-miR-228-5p
R07G3.7	cel-miR-228-5p
wago-10	cel-miR-228-5p
Y54E10BL.3	cel-miR-228-5p
C25A11.2	cel-miR-228-5p
eef-1G	cel-miR-228-5p
B0303.3	cel-miR-228-5p
F34D10.4	cel-miR-228-5p
H18N23.2	cel-miR-228-5p
Y12A6A.2	cel-miR-228-5p
R11F4.1	cel-miR-228-5p
nra-3	cel-miR-228-5p
F26A3.4	cel-miR-228-5p
mig-38	cel-miR-124-3p
T12G3.2	cel-miR-124-3p
F09B12.3	cel-miR-124-3p
T10B11.6	cel-miR-124-3p
ZK1248.13	cel-miR-124-3p
F52A8.1	cel-miR-124-3p
C11H1.2	cel-miR-124-3p
C56G2.1	cel-miR-124-3p
C44B7.10	cel-miR-124-3p
tos-1	cel-miR-124-3p
F16A11.1	cel-miR-124-3p
egg-6	cel-miR-124-3p
F25G6.7	cel-miR-124-3p
C38H2.2	cel-miR-124-3p
C48E7.6	cel-miR-124-3p
Y71F9AL.9	cel-miR-124-3p
B0303.3	cel-miR-124-3p
F34D10.4	cel-miR-124-3p
F36D4.5	cel-miR-124-3p
C10E2.6	cel-miR-124-3p
ZK180.5	cel-miR-124-3p
C02D5.2	cel-miR-124-3p
T12G3.7	cel-miR-124-3p
T24B8.4	cel-miR-124-3p
F47B7.1	cel-miR-124-3p
egg-6	cel-miR-90-3p
F42A10.3	cel-miR-90-3p
F17H10.1	cel-miR-90-3p
F40E10.6	cel-miR-90-3p
K02E10.7	cel-miR-90-3p
hmg-20	cel-miR-90-3p
C16A3.10	cel-miR-90-3p
C29H12.2	cel-miR-90-3p
ZC395.10	cel-miR-90-3p
F45F2.10	cel-miR-90-3p
F26B1.2	cel-miR-90-3p
F22D3.6	cel-miR-90-3p
C34D10.2	cel-miR-90-3p
ZK688.5	cel-miR-90-3p
F28H6.4	cel-miR-90-3p
F52F10.2	cel-miR-90-3p
T13C2.6	cel-miR-90-3p
F57G12.1	cel-miR-90-3p
CC8.2	cel-miR-90-3p
F26A3.4	cel-miR-90-3p
T05G5.1	cel-miR-90-3p
noca-1	cel-miR-90-3p
R148.3	cel-miR-90-3p
asns-2	cel-miR-90-3p
ZC247.1	cel-miR-90-3p
K07H8.2	cel-miR-90-3p
F41C3.4	cel-miR-90-3p
catp-6	cel-miR-87-3p
nstp-2	cel-miR-87-3p
Y71F9AL.9	cel-miR-87-3p
M01H9.3	cel-miR-87-3p
T27E4.7	cel-miR-87-3p
Y42G9A.3	cel-miR-87-3p
R07G3.7	cel-miR-87-3p
R11F4.1	cel-miR-87-3p
sec-12	cel-miR-87-3p
C49H3.9	cel-miR-87-3p
F48D6.4	cel-miR-87-3p
Y54E10BL.3	cel-miR-87-3p
C02F5.7	cel-miR-87-3p
nra-2	cel-miR-87-3p
bet-2	cel-miR-87-3p
T14B1.1	cel-miR-87-3p
dmsr-7	cel-miR-87-3p
mig-38	cel-miR-87-3p
F11E6.8	cel-miR-87-3p
K06A9.1	cel-miR-87-3p
ZK180.5	cel-miR-87-3p
C48E7.1	cel-miR-87-3p
nra-3	cel-miR-87-3p
egg-6	cel-miR-87-3p
T05G5.1	cel-miR-87-3p
F52A8.1	cel-miR-87-3p
K04C2.3	cel-miR-87-3p
C14C10.5	cel-miR-85-3p
M60.4	cel-miR-85-3p
T12G3.2	cel-miR-85-3p
nrde-2	cel-miR-85-3p
ZK370.4	cel-miR-85-3p
hrg-3	cel-miR-85-3p
hpo-34	cel-miR-85-3p
F29B9.8	cel-miR-85-3p
erfa-3	cel-miR-85-3p
D1044.2	cel-miR-85-3p
camt-1	cel-miR-85-3p
lpin-1	cel-miR-85-3p
nkb-1	cel-miR-85-3p
F44E2.4	cel-miR-85-3p
F22F7.7	cel-miR-85-3p
C56G2.1	cel-miR-85-3p
Y17G7B.20	cel-miR-85-3p
R186.8	cel-miR-85-3p
ZK180.5	cel-miR-85-3p
F56A8.3	cel-miR-85-3p
C44C1.5	cel-miR-85-3p
R05D3.2	cel-miR-85-3p
C33A11.1	cel-miR-85-3p
T17H7.1	cel-miR-85-3p
got-2.2	cel-miR-85-3p
attf-2	cel-miR-85-3p
T28F4.5	cel-miR-85-3p
ZK662.2	cel-miR-85-3p
F32B5.6	cel-miR-85-3p
tomm-40	cel-miR-85-3p
C01C4.3	cel-miR-85-3p
H28O16.1	cel-miR-85-3p
F58B3.6	cel-miR-85-3p
tos-1	cel-miR-85-3p
B0416.5	cel-miR-85-3p
nkb-3	cel-miR-85-3p
C05C8.7	cel-miR-85-3p
M02D8.1	cel-miR-85-3p
C53A3.2	cel-miR-85-3p
CC8.2	cel-miR-85-3p
ZK470.2	cel-miR-85-3p
F21F3.6	cel-miR-85-3p
F13H6.1	cel-miR-85-3p
C44B7.10	cel-miR-85-3p
C06A8.3	cel-miR-85-3p
Y43E12A.2	cel-miR-85-3p
F58E10.3	cel-miR-85-3p
F17H10.1	cel-miR-85-3p
F35G2.1	cel-miR-85-3p
F45D3.2	cel-miR-85-3p
swsn-6	cel-miR-85-3p
K03E6.7	cel-miR-85-3p
prmt-1	cel-miR-84-5p
K02E10.7	cel-miR-84-5p
nkb-3	cel-miR-84-5p
R04F11.2	cel-miR-84-5p
C15H9.9	cel-miR-84-5p
ZK131.11	cel-miR-84-5p
F01G4.6	cel-miR-84-5p
C05D11.7	cel-miR-84-5p
lsy-22	cel-miR-84-5p
K04F10.3	cel-miR-84-5p
F21C10.3	cel-miR-84-5p
Y54G2A.26	cel-miR-84-5p
lpr-5	cel-miR-84-5p
got-2.2	cel-miR-84-5p
ZK470.2	cel-miR-84-5p
ZC190.4	cel-miR-84-5p
C10E2.6	cel-miR-84-5p
B0336.3	cel-miR-84-5p
F57G12.1	cel-miR-84-5p
mab-31	cel-miR-84-5p
R53.4	cel-miR-82-3p
pitp-1	cel-miR-82-3p
F44A6.5	cel-miR-82-3p
atfs-1	cel-miR-82-3p
F12B6.2	cel-miR-82-3p
F22B7.9	cel-miR-82-3p
nkb-1	cel-miR-82-3p
got-2.2	cel-miR-82-3p
B0361.9	cel-miR-82-3p
F38A5.7	cel-miR-82-3p
ZK484.1	cel-miR-82-3p
F26B1.2	cel-miR-82-3p
T28F4.5	cel-miR-82-3p
F33D11.12	cel-miR-82-3p
T17H7.1	cel-miR-82-3p
tos-1	cel-miR-82-3p
C03C10.4	cel-miR-82-3p
attf-2	cel-miR-82-3p
cec-6	cel-miR-82-3p
B0336.3	cel-miR-82-3p
F34D10.4	cel-miR-82-3p
C10G11.7	cel-miR-82-3p
K10D3.4	cel-miR-82-3p
K08D12.3	cel-miR-82-3p
Y74C9A.4	cel-miR-82-3p
C27B7.2	cel-miR-82-3p
K08D12.6	cel-miR-82-3p
T24B8.3	cel-miR-82-3p
C48E7.6	cel-miR-82-3p
F58E10.3	cel-miR-82-3p
nra-3	cel-miR-82-3p
vglu-2	cel-miR-82-3p
F13D12.9	cel-miR-82-3p
B0410.3	cel-miR-82-3p
ZK180.5	cel-miR-82-3p
T08B2.7	cel-miR-82-3p
F46G10.2	cel-miR-82-3p
T27D12.1	cel-miR-82-3p
H10E21.5	cel-miR-82-3p
swsn-6	cel-miR-82-3p
F56D2.6	cel-miR-82-3p
pitp-1	cel-miR-81-3p
F44A6.5	cel-miR-81-3p
R53.4	cel-miR-81-3p
F33D11.12	cel-miR-81-3p
atfs-1	cel-miR-81-3p
F12B6.2	cel-miR-81-3p
nkb-1	cel-miR-81-3p
F22B7.9	cel-miR-81-3p
B0361.9	cel-miR-81-3p
F38A5.7	cel-miR-81-3p
got-2.2	cel-miR-81-3p
F26B1.2	cel-miR-81-3p
T28F4.5	cel-miR-81-3p
ZK484.1	cel-miR-81-3p
T17H7.1	cel-miR-81-3p
tos-1	cel-miR-81-3p
C03C10.4	cel-miR-81-3p
attf-2	cel-miR-81-3p
B0336.3	cel-miR-81-3p
cec-6	cel-miR-81-3p
F34D10.4	cel-miR-81-3p
C10G11.7	cel-miR-81-3p
K10D3.4	cel-miR-81-3p
K08D12.3	cel-miR-81-3p
C27B7.2	cel-miR-81-3p
Y74C9A.4	cel-miR-81-3p
K08D12.6	cel-miR-81-3p
T24B8.3	cel-miR-81-3p
C48E7.6	cel-miR-81-3p
F58E10.3	cel-miR-81-3p
nra-3	cel-miR-81-3p
vglu-2	cel-miR-81-3p
B0410.3	cel-miR-81-3p
F13D12.9	cel-miR-81-3p
ZK180.5	cel-miR-81-3p
T08B2.7	cel-miR-81-3p
F46G10.2	cel-miR-81-3p
T27D12.1	cel-miR-81-3p
H10E21.5	cel-miR-81-3p
swsn-6	cel-miR-81-3p
F56D2.6	cel-miR-81-3p
pitp-1	cel-miR-80-3p
F44A6.5	cel-miR-80-3p
R53.4	cel-miR-80-3p
atfs-1	cel-miR-80-3p
F12B6.2	cel-miR-80-3p
nkb-1	cel-miR-80-3p
F22B7.9	cel-miR-80-3p
B0361.9	cel-miR-80-3p
F38A5.7	cel-miR-80-3p
got-2.2	cel-miR-80-3p
F26B1.2	cel-miR-80-3p
T28F4.5	cel-miR-80-3p
ZK484.1	cel-miR-80-3p
T17H7.1	cel-miR-80-3p
F33D11.12	cel-miR-80-3p
tos-1	cel-miR-80-3p
C03C10.4	cel-miR-80-3p
attf-2	cel-miR-80-3p
F34D10.4	cel-miR-80-3p
B0336.3	cel-miR-80-3p
cec-6	cel-miR-80-3p
C10G11.7	cel-miR-80-3p
Y74C9A.4	cel-miR-80-3p
T24B8.3	cel-miR-80-3p
C27B7.2	cel-miR-80-3p
K10D3.4	cel-miR-80-3p
K08D12.3	cel-miR-80-3p
nra-3	cel-miR-80-3p
K08D12.6	cel-miR-80-3p
C48E7.6	cel-miR-80-3p
F58E10.3	cel-miR-80-3p
vglu-2	cel-miR-80-3p
B0410.3	cel-miR-80-3p
F13D12.9	cel-miR-80-3p
ZK180.5	cel-miR-80-3p
T08B2.7	cel-miR-80-3p
F46G10.2	cel-miR-80-3p
T27D12.1	cel-miR-80-3p
H10E21.5	cel-miR-80-3p
swsn-6	cel-miR-80-3p
F56D2.6	cel-miR-80-3p
K08F8.1	cel-miR-80-5p
C48E7.1	cel-miR-80-5p
F40F8.1	cel-miR-80-5p
F22D3.6	cel-miR-80-5p
T24H10.4	cel-miR-80-5p
C48A7.2	cel-miR-80-5p
C01C4.3	cel-miR-80-5p
sams-3	cel-miR-80-5p
noca-1	cel-miR-80-5p
F42A10.3	cel-miR-79-3p
T27D12.1	cel-miR-79-3p
T28D9.1	cel-miR-79-3p
T24B8.4	cel-miR-79-3p
H28O16.1	cel-miR-79-3p
F52A8.1	cel-miR-79-3p
C14C10.4	cel-miR-79-3p
C29H12.2	cel-miR-79-3p
F41D9.2	cel-miR-79-3p
fust-1	cel-miR-79-3p
F26B1.2	cel-miR-79-3p
lsy-22	cel-miR-79-3p
C34D10.2	cel-miR-79-3p
B0041.5	cel-miR-79-3p
B0252.3	cel-miR-79-3p
W03C9.5	cel-miR-79-3p
hpo-8	cel-miR-79-3p
Y71F9AL.9	cel-miR-79-3p
F37B12.3	cel-miR-79-3p
F22F7.7	cel-miR-79-3p
F10D7.5	cel-miR-79-3p
F26A3.4	cel-miR-79-3p
C03C10.4	cel-miR-79-3p
idhb-1	cel-miR-79-3p
guk-1	cel-miR-79-3p
asns-2	cel-miR-79-3p
C52E4.5	cel-miR-79-3p
T26A5.5	cel-miR-79-3p
fln-1	cel-miR-79-3p
got-2.2	cel-miR-79-3p
T24H10.4	cel-miR-79-3p
C14A4.11	cel-miR-79-3p
T12G3.7	cel-miR-79-3p
R05D3.2	cel-miR-79-3p
CC8.2	cel-miR-78
F32B5.6	cel-miR-78
F56D2.6	cel-miR-78
F35H10.10	cel-miR-78
F59B10.5	cel-miR-78
dlst-1	cel-miR-78
H18N23.2	cel-miR-78
fard-1	cel-miR-78
R04E5.8	cel-miR-78
pkg-2	cel-miR-78
M60.4	cel-miR-76-3p
AH9.6	cel-miR-76-3p
tatn-1	cel-miR-76-3p
K08E3.5	cel-miR-76-3p
tos-1	cel-miR-76-3p
F55C12.1	cel-miR-76-3p
F42A10.3	cel-miR-75-3p
F55A11.1	cel-miR-75-3p
aldo-1	cel-miR-75-3p
W03C9.5	cel-miR-75-3p
T24B8.4	cel-miR-75-3p
B0336.3	cel-miR-75-3p
M01H9.3	cel-miR-75-3p
B0041.5	cel-miR-75-3p
pkg-2	cel-miR-75-3p
ZC395.10	cel-miR-75-3p
aagr-4	cel-miR-75-3p
R07G3.7	cel-miR-75-3p
T21G5.6	cel-miR-75-3p
dlat-1	cel-miR-75-3p
C14A4.11	cel-miR-75-3p
F26B1.2	cel-miR-75-3p
tos-1	cel-miR-75-3p
F22F7.7	cel-miR-75-3p
C34D10.2	cel-miR-75-3p
F26A3.4	cel-miR-75-3p
got-2.2	cel-miR-75-3p
K07E3.1	cel-miR-75-3p
idhb-1	cel-miR-75-3p
asns-2	cel-miR-75-3p
guk-1	cel-miR-75-3p
C52E4.5	cel-miR-75-3p
fln-1	cel-miR-75-3p
T26A5.5	cel-miR-75-3p
F37B12.3	cel-miR-75-3p
T24H10.4	cel-miR-75-3p
T12G3.7	cel-miR-75-3p
R05D3.2	cel-miR-75-3p
K02B12.7	cel-miR-74-3p
F29B9.8	cel-miR-74-3p
R12E2.2	cel-miR-74-3p
C29H12.2	cel-miR-74-3p
T22F3.3	cel-miR-74-3p
got-2.2	cel-miR-74-3p
eef-1G	cel-miR-74-3p
C34D10.2	cel-miR-74-3p
mab-31	cel-miR-74-3p
lec-12	cel-miR-74-3p
K03E6.7	cel-miR-74-3p
T06D8.1	cel-miR-74-3p
fln-1	cel-miR-74-3p
H18N23.2	cel-miR-74-3p
F52A8.1	cel-miR-74-3p
K02B12.7	cel-miR-73-3p
F29B9.8	cel-miR-73-3p
R12E2.2	cel-miR-73-3p
C29H12.2	cel-miR-73-3p
T22F3.3	cel-miR-73-3p
C34D10.2	cel-miR-73-3p
got-2.2	cel-miR-73-3p
eef-1G	cel-miR-73-3p
mab-31	cel-miR-73-3p
lec-12	cel-miR-73-3p
nra-3	cel-miR-73-3p
acs-22	cel-miR-73-3p
K03E6.7	cel-miR-73-3p
fln-1	cel-miR-73-3p
F52A8.1	cel-miR-73-3p
H18N23.2	cel-miR-73-3p
T06D8.1	cel-miR-73-3p
F09B12.3	cel-miR-72-5p
B0336.3	cel-miR-72-5p
C11H1.2	cel-miR-72-5p
got-2.2	cel-miR-72-5p
H18N23.2	cel-miR-72-5p
egg-6	cel-miR-72-5p
T12G3.2	cel-miR-72-5p
lec-12	cel-miR-72-5p
F29B9.8	cel-miR-72-5p
ZK180.5	cel-miR-72-5p
T12G3.7	cel-miR-72-5p
F52A8.1	cel-miR-72-5p
mab-31	cel-miR-72-5p
F47B7.1	cel-miR-72-5p
K03E6.7	cel-miR-72-5p
T11G6.5	cel-miR-71-5p
zip-10	cel-miR-71-5p
F17H10.1	cel-miR-71-5p
idhg-1	cel-miR-71-5p
B0393.5	cel-miR-71-5p
T24B8.4	cel-miR-71-5p
W01F3.1	cel-miR-71-5p
nkb-3	cel-miR-71-5p
C05D11.7	cel-miR-71-5p
F18C5.10	cel-miR-71-5p
F52A8.1	cel-miR-71-5p
C13F10.4	cel-miR-71-5p
pkg-2	cel-miR-71-5p
cec-6	cel-miR-71-5p
T09B4.9	cel-miR-71-5p
F59B10.5	cel-miR-71-5p
F41D9.2	cel-miR-71-5p
ensa-1	cel-miR-71-5p
ZK180.5	cel-miR-71-5p
F45D3.3	cel-miR-71-5p
C50B8.1	cel-miR-71-5p
F38A5.7	cel-miR-71-5p
F40F8.1	cel-miR-71-5p
R05D3.2	cel-miR-71-5p
tos-1	cel-miR-71-5p
C37C3.2	cel-miR-71-5p
F36D4.5	cel-miR-71-5p
R04E5.8	cel-miR-71-5p
F42A10.3	cel-miR-71-5p
nra-2	cel-miR-71-5p
egal-1	cel-miR-71-5p
F35H10.10	cel-miR-71-5p
C28H8.3	cel-miR-71-5p
F40E10.6	cel-miR-71-5p
T25F10.3	cel-miR-71-5p
F22B7.9	cel-miR-71-5p
C07A9.9	cel-miR-71-5p
catp-6	cel-miR-71-5p
F45D3.2	cel-miR-71-5p
sec-16	cel-miR-71-5p
K04B12.2	cel-miR-71-5p
R12E2.2	cel-miR-71-5p
C06E7.4	cel-miR-71-5p
F57F4.4	cel-miR-71-5p
hrg-3	cel-miR-71-5p
Y43E12A.2	cel-miR-71-5p
guk-1	cel-miR-71-5p
F58B3.6	cel-miR-71-5p
egg-6	cel-miR-71-5p
ZC247.1	cel-miR-71-5p
R107.5	cel-miR-71-5p
lpr-5	cel-miR-71-5p
F58H1.5	cel-miR-71-5p
T04F8.6	cel-miR-71-5p
CC8.2	cel-miR-70-3p
T12G3.2	cel-miR-70-3p
nrde-2	cel-miR-70-3p
lec-12	cel-miR-70-3p
F44E5.5	cel-miR-70-3p
swsn-7	cel-miR-70-3p
T12G3.7	cel-miR-70-3p
C16A3.10	cel-miR-70-3p
Y53C12B.2	cel-miR-70-3p
C46C11.1	cel-miR-70-3p
C10E2.6	cel-miR-70-3p
cec-6	cel-miR-70-3p
F59B10.5	cel-miR-70-3p
F01G4.6	cel-miR-70-3p
F34D10.4	cel-miR-70-3p
C18E9.10	cel-miR-70-3p
R186.7	cel-miR-70-3p
F16A11.1	cel-miR-70-3p
R151.2	cel-miR-70-3p
B0303.3	cel-miR-70-3p
T27E9.2	cel-miR-70-3p
F13D12.9	cel-miR-70-3p
T17H7.1	cel-miR-70-3p
Y37E3.17	cel-miR-70-3p
Y74C9A.4	cel-miR-70-3p
T26A5.5	cel-miR-70-3p
erfa-3	cel-miR-70-3p
ZC190.4	cel-miR-70-3p
K10D3.4	cel-miR-70-3p
F02A9.4	cel-miR-70-3p
F35G2.1	cel-miR-70-3p
F46G10.2	cel-miR-70-3p
R53.4	cel-miR-70-3p
ogdh-1	cel-miR-70-3p
C06E1.3	cel-miR-70-3p
C44C1.5	cel-miR-70-3p
Y77E11A.12	cel-miR-67-3p
egg-6	cel-miR-67-3p
F26F12.3	cel-miR-67-3p
F33G12.5	cel-miR-67-3p
D1081.7	cel-miR-67-3p
K05F1.6	cel-miR-67-3p
F44A6.5	cel-miR-67-3p
K12H4.4	cel-miR-67-3p
dmsr-7	cel-miR-67-3p
R11F4.1	cel-miR-67-3p
eef-1B.2	cel-miR-67-3p
F10D7.5	cel-miR-67-3p
F17H10.1	cel-miR-67-3p
F29B9.8	cel-miR-67-3p
nstp-2	cel-miR-67-3p
lsy-22	cel-miR-67-3p
nkb-3	cel-miR-67-3p
E01A2.6	cel-miR-67-3p
mig-38	cel-miR-67-3p
T22F3.3	cel-miR-67-3p
ZC449.3	cel-miR-67-3p
K07H8.2	cel-miR-67-3p
R06C1.4	cel-miR-67-3p
ZK470.2	cel-miR-67-3p
B0041.5	cel-miR-67-3p
guk-1	cel-miR-67-3p
ZK370.4	cel-miR-67-3p
M60.4	cel-miR-66-5p
K07E3.1	cel-miR-66-5p
aldo-1	cel-miR-66-5p
F21D12.3	cel-miR-66-5p
nstp-2	cel-miR-66-5p
ZK470.2	cel-miR-66-5p
B0336.3	cel-miR-66-5p
T10G3.1	cel-miR-66-5p
K06A9.1	cel-miR-66-5p
F34D10.4	cel-miR-66-5p
asns-2	cel-miR-66-5p
F16A11.1	cel-miR-66-5p
F21C10.3	cel-miR-66-5p
C33A11.1	cel-miR-66-5p
M02D8.1	cel-miR-66-5p
F10D7.5	cel-miR-66-5p
R05G6.7	cel-miR-66-5p
Y51F10.7	cel-miR-66-5p
noca-1	cel-miR-66-5p
T11G6.5	cel-miR-66-5p
F40E10.6	cel-miR-66-5p
got-2.2	cel-miR-66-5p
nra-3	cel-miR-66-5p
M60.4	cel-miR-65-5p
K07E3.1	cel-miR-65-5p
aldo-1	cel-miR-65-5p
F21D12.3	cel-miR-65-5p
B0041.5	cel-miR-65-5p
nstp-2	cel-miR-65-5p
B0336.3	cel-miR-65-5p
noca-1	cel-miR-65-5p
F34D10.4	cel-miR-65-5p
asns-2	cel-miR-65-5p
Y51F10.7	cel-miR-65-5p
F16A11.1	cel-miR-65-5p
F21C10.3	cel-miR-65-5p
F10D7.5	cel-miR-65-5p
C33A11.1	cel-miR-65-5p
R05G6.7	cel-miR-65-5p
K06A9.1	cel-miR-65-5p
ZK470.2	cel-miR-65-5p
K07H8.2	cel-miR-65-5p
T27E4.7	cel-miR-65-5p
T11G6.5	cel-miR-65-5p
T10G3.1	cel-miR-65-5p
M02D8.1	cel-miR-65-5p
F40E10.6	cel-miR-65-5p
nra-3	cel-miR-65-5p
got-2.2	cel-miR-65-5p
M60.4	cel-miR-64-5p
K07E3.1	cel-miR-64-5p
aldo-1	cel-miR-64-5p
nstp-2	cel-miR-64-5p
F21D12.3	cel-miR-64-5p
B0336.3	cel-miR-64-5p
B0041.5	cel-miR-64-5p
noca-1	cel-miR-64-5p
F34D10.4	cel-miR-64-5p
asns-2	cel-miR-64-5p
Y51F10.7	cel-miR-64-5p
F16A11.1	cel-miR-64-5p
F21C10.3	cel-miR-64-5p
C33A11.1	cel-miR-64-5p
R05G6.7	cel-miR-64-5p
F10D7.5	cel-miR-64-5p
K06A9.1	cel-miR-64-5p
ZK470.2	cel-miR-64-5p
K07H8.2	cel-miR-64-5p
T27E4.7	cel-miR-64-5p
T10G3.1	cel-miR-64-5p
M02D8.1	cel-miR-64-5p
T11G6.5	cel-miR-64-5p
F40E10.6	cel-miR-64-5p
nra-3	cel-miR-64-5p
got-2.2	cel-miR-64-5p
M60.4	cel-miR-63-3p
K07E3.1	cel-miR-63-3p
aldo-1	cel-miR-63-3p
F21D12.3	cel-miR-63-3p
nstp-2	cel-miR-63-3p
B0336.3	cel-miR-63-3p
B0041.5	cel-miR-63-3p
K06A9.1	cel-miR-63-3p
noca-1	cel-miR-63-3p
F34D10.4	cel-miR-63-3p
asns-2	cel-miR-63-3p
Y51F10.7	cel-miR-63-3p
F16A11.1	cel-miR-63-3p
F21C10.3	cel-miR-63-3p
C33A11.1	cel-miR-63-3p
R05G6.7	cel-miR-63-3p
F10D7.5	cel-miR-63-3p
ZK470.2	cel-miR-63-3p
T27E4.7	cel-miR-63-3p
K07H8.2	cel-miR-63-3p
T10G3.1	cel-miR-63-3p
T11G6.5	cel-miR-63-3p
M02D8.1	cel-miR-63-3p
F40E10.6	cel-miR-63-3p
nra-3	cel-miR-63-3p
got-2.2	cel-miR-63-3p
F42A10.3	cel-miR-62
F17H10.1	cel-miR-62
egg-6	cel-miR-62
F40E10.6	cel-miR-62
K02E10.7	cel-miR-62
hmg-20	cel-miR-62
H03E18.1	cel-miR-62
ZC395.10	cel-miR-62
T13C2.6	cel-miR-62
B0303.3	cel-miR-62
F45F2.10	cel-miR-62
T05H10.7	cel-miR-62
F26B1.2	cel-miR-62
F22D3.6	cel-miR-62
C34D10.2	cel-miR-62
C16A3.10	cel-miR-62
asns-2	cel-miR-62
ZK688.5	cel-miR-62
F52F10.2	cel-miR-62
F28H6.4	cel-miR-62
CC8.2	cel-miR-62
noca-1	cel-miR-62
F57G12.1	cel-miR-62
R148.3	cel-miR-62
T05G5.1	cel-miR-62
F26A3.4	cel-miR-62
K07H8.2	cel-miR-62
F41C3.4	cel-miR-62
F44A6.5	cel-miR-61-3p
F55A11.1	cel-miR-61-3p
F58B3.6	cel-miR-61-3p
F47D12.9	cel-miR-61-3p
T04F8.6	cel-miR-61-3p
B0041.5	cel-miR-61-3p
hpo-34	cel-miR-61-3p
T24B8.4	cel-miR-61-3p
Y77E11A.12	cel-miR-61-3p
F35H10.10	cel-miR-61-3p
H05L03.3	cel-miR-61-3p
suca-1	cel-miR-61-3p
vglu-2	cel-miR-61-3p
mab-31	cel-miR-61-3p
B0361.9	cel-miR-61-3p
F58H1.5	cel-miR-61-3p
K10D6.4	cel-miR-61-3p
ZC449.3	cel-miR-61-3p
C38H2.2	cel-miR-61-3p
T27E4.7	cel-miR-61-3p
K07H8.2	cel-miR-61-3p
C15C8.3	cel-miR-60-3p
zip-10	cel-miR-60-3p
R11.2	cel-miR-60-3p
nra-2	cel-miR-60-3p
ZK470.2	cel-miR-60-3p
hmg-20	cel-miR-60-3p
pkg-2	cel-miR-60-3p
F35H10.10	cel-miR-60-3p
F59B10.5	cel-miR-60-3p
ensa-1	cel-miR-60-3p
tomm-20	cel-miR-60-3p
Y51F10.7	cel-miR-60-3p
F15D3.6	cel-miR-60-3p
F49C12.12	cel-miR-60-3p
C49H3.9	cel-miR-60-3p
C05C10.3	cel-miR-60-3p
R06C1.4	cel-miR-60-3p
M88.5	cel-miR-60-3p
B0252.3	cel-miR-60-3p
B0336.3	cel-miR-60-3p
F46G10.2	cel-miR-60-3p
K07H8.2	cel-miR-60-3p
K12H4.4	cel-miR-60-3p
lec-12	cel-miR-60-3p
C37H5.6	cel-miR-60-3p
F34D10.4	cel-miR-60-3p
ZC247.1	cel-miR-60-3p
asns-2	cel-miR-60-3p
idhg-1	cel-miR-60-3p
men-1	cel-miR-60-3p
swt-3	cel-miR-60-3p
C10E2.6	cel-miR-60-3p
got-2.2	cel-miR-60-3p
F55A11.1	cel-miR-60-3p
C16A3.10	cel-miR-60-3p
F42H10.5	cel-miR-60-3p
F49H12.5	cel-miR-60-3p
M60.4	cel-miR-60-3p
ZK1248.13	cel-miR-60-3p
acs-22	cel-miR-59-3p
B0041.5	cel-miR-59-3p
F13H6.1	cel-miR-59-3p
erfa-3	cel-miR-59-3p
Y17G7B.20	cel-miR-59-3p
T24B8.3	cel-miR-59-3p
R151.2	cel-miR-59-3p
F21F3.6	cel-miR-59-3p
acp-6	cel-miR-59-3p
C06E7.4	cel-miR-59-3p
C06A8.3	cel-miR-59-3p
R107.5	cel-miR-59-3p
F44E5.1	cel-miR-59-3p
K08D12.6	cel-miR-59-3p
C16A3.10	cel-miR-59-3p
sams-3	cel-miR-59-3p
F35H10.10	cel-miR-59-3p
F02A9.4	cel-miR-58a-3p
pitp-1	cel-miR-58a-3p
B0336.3	cel-miR-58a-3p
F44A6.5	cel-miR-58a-3p
R53.4	cel-miR-58a-3p
B0416.5	cel-miR-58a-3p
F46G10.2	cel-miR-58a-3p
F12B6.2	cel-miR-58a-3p
F22B7.9	cel-miR-58a-3p
B0361.9	cel-miR-58a-3p
ZK688.5	cel-miR-58a-3p
F38A5.7	cel-miR-58a-3p
got-2.2	cel-miR-58a-3p
F26B1.2	cel-miR-58a-3p
T28F4.5	cel-miR-58a-3p
ZK484.1	cel-miR-58a-3p
T17H7.1	cel-miR-58a-3p
C48E7.6	cel-miR-58a-3p
ZK180.5	cel-miR-58a-3p
F56D2.6	cel-miR-58a-3p
cec-6	cel-miR-58a-3p
T08B2.7	cel-miR-58a-3p
F34D10.4	cel-miR-58a-3p
vglu-2	cel-miR-58a-3p
T05G5.1	cel-miR-58a-3p
B0410.3	cel-miR-58a-3p
C10G11.7	cel-miR-58a-3p
tos-1	cel-miR-58a-3p
nra-3	cel-miR-58a-3p
T26A5.5	cel-miR-58a-3p
Y74C9A.4	cel-miR-58a-3p
K10D3.4	cel-miR-58a-3p
C27B7.2	cel-miR-58a-3p
T24B8.3	cel-miR-58a-3p
K08D12.6	cel-miR-58a-3p
T27D12.1	cel-miR-58a-3p
C03C10.4	cel-miR-58a-3p
F58E10.3	cel-miR-58a-3p
attf-2	cel-miR-58a-3p
H10E21.5	cel-miR-58a-3p
C56G2.1	cel-miR-58a-3p
F13D12.9	cel-miR-58a-3p
swsn-6	cel-miR-58a-3p
C56G2.1	cel-miR-57-5p
T19C3.4	cel-miR-57-5p
R12E2.2	cel-miR-57-5p
C05D11.7	cel-miR-56-3p
F59B10.5	cel-miR-56-3p
F46G10.2	cel-miR-56-3p
C49H3.9	cel-miR-56-3p
T10B10.3	cel-miR-56-3p
F16A11.1	cel-miR-56-3p
F52F10.2	cel-miR-56-3p
F21A3.3	cel-miR-56-3p
mig-38	cel-miR-56-3p
T27E4.7	cel-miR-56-3p
W03C9.5	cel-miR-56-3p
R13H4.5	cel-miR-56-3p
C35C5.6	cel-miR-56-3p
F45D3.3	cel-miR-56-3p
M88.5	cel-miR-56-3p
ZK131.11	cel-miR-56-3p
C03C10.4	cel-miR-56-3p
egg-6	cel-miR-56-3p
F26A3.4	cel-miR-56-3p
CC8.2	cel-miR-56-3p
B0410.3	cel-miR-56-3p
F58H1.5	cel-miR-56-3p
Y71G12B.11	cel-miR-56-5p
K10D6.4	cel-miR-56-5p
C34D10.2	cel-miR-56-5p
idhg-1	cel-miR-56-5p
C10G11.7	cel-miR-56-5p
Y42G9A.3	cel-miR-56-5p
Y48G1A.2	cel-miR-56-5p
C05D11.7	cel-miR-55-3p
F59B10.5	cel-miR-55-3p
F46G10.2	cel-miR-55-3p
B0252.3	cel-miR-55-3p
F16A11.1	cel-miR-55-3p
C49H3.9	cel-miR-55-3p
T10B10.3	cel-miR-55-3p
mig-38	cel-miR-55-3p
F52F10.2	cel-miR-55-3p
T25F10.3	cel-miR-55-3p
F21A3.3	cel-miR-55-3p
T27E4.7	cel-miR-55-3p
R13H4.5	cel-miR-55-3p
W03C9.5	cel-miR-55-3p
M88.5	cel-miR-55-3p
egg-6	cel-miR-55-3p
C35C5.6	cel-miR-55-3p
F45D3.3	cel-miR-55-3p
ZK131.11	cel-miR-55-3p
C03C10.4	cel-miR-55-3p
CC8.2	cel-miR-55-3p
F58H1.5	cel-miR-55-3p
B0410.3	cel-miR-55-3p
F26A3.4	cel-miR-55-3p
K03E6.7	cel-miR-53-5p
C05D11.7	cel-miR-53-5p
C49H3.9	cel-miR-53-5p
F21F3.6	cel-miR-53-5p
F16A11.1	cel-miR-53-5p
F52F10.2	cel-miR-53-5p
F21A3.3	cel-miR-53-5p
F46G10.2	cel-miR-53-5p
C35C5.6	cel-miR-53-5p
W03C9.5	cel-miR-53-5p
egg-6	cel-miR-53-5p
lpr-5	cel-miR-53-5p
F45D3.3	cel-miR-53-5p
B0410.3	cel-miR-53-5p
C03C10.4	cel-miR-53-5p
ZK131.11	cel-miR-53-5p
T27E4.7	cel-miR-53-5p
R13H4.5	cel-miR-53-5p
CC8.2	cel-miR-53-5p
M88.5	cel-miR-53-5p
F58H1.5	cel-miR-53-5p
F26A3.4	cel-miR-53-5p
K03E6.7	cel-miR-52-5p
C49H3.9	cel-miR-52-5p
F21F3.6	cel-miR-52-5p
C05D11.7	cel-miR-52-5p
F16A11.1	cel-miR-52-5p
F52F10.2	cel-miR-52-5p
F21A3.3	cel-miR-52-5p
C35C5.6	cel-miR-52-5p
F46G10.2	cel-miR-52-5p
egg-6	cel-miR-52-5p
W03C9.5	cel-miR-52-5p
lpr-5	cel-miR-52-5p
ZK131.11	cel-miR-52-5p
C03C10.4	cel-miR-52-5p
F45D3.3	cel-miR-52-5p
T27E4.7	cel-miR-52-5p
B0410.3	cel-miR-52-5p
CC8.2	cel-miR-52-5p
R13H4.5	cel-miR-52-5p
F58H1.5	cel-miR-52-5p
M88.5	cel-miR-52-5p
F26A3.4	cel-miR-52-5p
F59B10.5	cel-miR-51-5p
F52F10.2	cel-miR-51-5p
F46G10.2	cel-miR-51-5p
T10B10.3	cel-miR-51-5p
F16A11.1	cel-miR-51-5p
C05D11.7	cel-miR-51-5p
C49H3.9	cel-miR-51-5p
F21A3.3	cel-miR-51-5p
T25F10.3	cel-miR-51-5p
T27E4.7	cel-miR-51-5p
mig-38	cel-miR-51-5p
R13H4.5	cel-miR-51-5p
egg-6	cel-miR-51-5p
C35C5.6	cel-miR-51-5p
M88.5	cel-miR-51-5p
C03C10.4	cel-miR-51-5p
F45D3.3	cel-miR-51-5p
ZK131.11	cel-miR-51-5p
CC8.2	cel-miR-51-5p
F58H1.5	cel-miR-51-5p
W03C9.5	cel-miR-51-5p
F26A3.4	cel-miR-51-5p
B0410.3	cel-miR-51-5p
F42A10.3	cel-miR-50-5p
egg-6	cel-miR-50-5p
F17H10.1	cel-miR-50-5p
F40E10.6	cel-miR-50-5p
hmg-20	cel-miR-50-5p
K02E10.7	cel-miR-50-5p
C16A3.10	cel-miR-50-5p
C29H12.2	cel-miR-50-5p
H03E18.1	cel-miR-50-5p
ZC395.10	cel-miR-50-5p
ZK688.5	cel-miR-50-5p
B0303.3	cel-miR-50-5p
T05H10.7	cel-miR-50-5p
F45F2.10	cel-miR-50-5p
F26B1.2	cel-miR-50-5p
C34D10.2	cel-miR-50-5p
F52F10.2	cel-miR-50-5p
T13C2.6	cel-miR-50-5p
got-2.2	cel-miR-50-5p
CC8.2	cel-miR-50-5p
F28H6.4	cel-miR-50-5p
F26A3.4	cel-miR-50-5p
F57G12.1	cel-miR-50-5p
T05G5.1	cel-miR-50-5p
ZC247.1	cel-miR-50-5p
asns-2	cel-miR-50-5p
K07H8.2	cel-miR-50-5p
noca-1	cel-miR-50-5p
R148.3	cel-miR-50-5p
F41C3.4	cel-miR-50-5p
spo-7	cel-miR-49-3p
T10B10.3	cel-miR-49-3p
R11F4.1	cel-miR-49-3p
M106.4	cel-miR-49-3p
pdha-1	cel-miR-49-3p
lsy-22	cel-miR-49-3p
F29B9.8	cel-miR-49-3p
F26A3.4	cel-miR-49-3p
fln-1	cel-miR-49-3p
C03C10.4	cel-miR-49-3p
T24B8.4	cel-miR-49-3p
W01F3.1	cel-miR-49-3p
prmt-1	cel-miR-48-5p
K02E10.7	cel-miR-48-5p
R04F11.2	cel-miR-48-5p
nkb-3	cel-miR-48-5p
C15H9.9	cel-miR-48-5p
F01G4.6	cel-miR-48-5p
Y54G2A.26	cel-miR-48-5p
saeg-2	cel-miR-48-5p
lsy-22	cel-miR-48-5p
K04F10.3	cel-miR-48-5p
tos-1	cel-miR-48-5p
F21C10.3	cel-miR-48-5p
lpr-5	cel-miR-48-5p
got-2.2	cel-miR-48-5p
ZK470.2	cel-miR-48-5p
ZC190.4	cel-miR-48-5p
B0336.3	cel-miR-48-5p
C10E2.6	cel-miR-48-5p
mab-31	cel-miR-48-5p
F57G12.1	cel-miR-48-5p
pkg-2	cel-miR-47-3p
F46G10.2	cel-miR-47-3p
asns-2	cel-miR-47-3p
K04C2.3	cel-miR-47-3p
C18F10.7	cel-miR-47-3p
C33A11.2	cel-miR-47-3p
pkg-2	cel-miR-46-3p
asns-2	cel-miR-46-3p
F46G10.2	cel-miR-46-3p
C18F10.7	cel-miR-46-3p
K04C2.3	cel-miR-46-3p
C33A11.2	cel-miR-46-3p
Y77E11A.12	cel-miR-43-3p
ZC395.10	cel-miR-43-3p
C28H8.4	cel-miR-43-3p
T14B1.1	cel-miR-43-3p
T05H10.7	cel-miR-43-3p
R12E2.2	cel-miR-43-3p
D1081.7	cel-miR-43-3p
C34D10.2	cel-miR-43-3p
B0336.3	cel-miR-43-3p
ZK470.2	cel-miR-43-3p
B0252.3	cel-miR-43-3p
nkb-3	cel-miR-43-3p
F01G4.6	cel-miR-43-3p
hpo-34	cel-miR-43-3p
C48E7.6	cel-miR-43-3p
F59F4.2	cel-miR-43-3p
F33G12.5	cel-miR-43-3p
F22H10.3	cel-miR-43-3p
lsy-22	cel-miR-43-3p
dmsr-7	cel-miR-43-3p
C15C8.4	cel-miR-43-3p
ZC449.3	cel-miR-43-3p
F29B9.8	cel-miR-43-3p
C18E9.2	cel-miR-43-3p
mig-38	cel-miR-43-3p
mvk-1	cel-miR-43-3p
sec-16	cel-miR-43-3p
F21D5.7	cel-miR-43-3p
F36D4.5	cel-miR-43-3p
Y71F9AL.9	cel-miR-43-3p
R06C1.4	cel-miR-43-3p
F56D2.6	cel-miR-43-3p
F37B12.3	cel-miR-43-3p
W01F3.1	cel-miR-43-3p
C08G9.1	cel-miR-43-3p
AH9.6	cel-miR-42-3p
R12E2.2	cel-miR-42-3p
camt-1	cel-miR-42-3p
T10B10.3	cel-miR-42-3p
F42H10.5	cel-miR-42-3p
T22B11.4	cel-miR-42-3p
F26A3.4	cel-miR-42-3p
F29B9.8	cel-miR-42-3p
T06D8.1	cel-miR-42-3p
F13H6.1	cel-miR-42-3p
AH9.6	cel-miR-40-3p
R12E2.2	cel-miR-40-3p
camt-1	cel-miR-40-3p
T10B10.3	cel-miR-40-3p
F42H10.5	cel-miR-40-3p
sams-3	cel-miR-40-3p
T22B11.4	cel-miR-40-3p
F26A3.4	cel-miR-40-3p
F29B9.8	cel-miR-40-3p
T06D8.1	cel-miR-40-3p
F13H6.1	cel-miR-40-3p
AH9.6	cel-miR-39-3p
R12E2.2	cel-miR-39-3p
camt-1	cel-miR-39-3p
T10B10.3	cel-miR-39-3p
F42H10.5	cel-miR-39-3p
sams-3	cel-miR-39-3p
T22B11.4	cel-miR-39-3p
F26A3.4	cel-miR-39-3p
F29B9.8	cel-miR-39-3p
T06D8.1	cel-miR-39-3p
F13H6.1	cel-miR-39-3p
AH9.6	cel-miR-38-3p
R12E2.2	cel-miR-38-3p
camt-1	cel-miR-38-3p
T10B10.3	cel-miR-38-3p
C33A11.2	cel-miR-38-3p
F42H10.5	cel-miR-38-3p
sams-3	cel-miR-38-3p
T22B11.4	cel-miR-38-3p
F29B9.8	cel-miR-38-3p
F13H6.1	cel-miR-38-3p
AH9.6	cel-miR-37-3p
R12E2.2	cel-miR-37-3p
camt-1	cel-miR-37-3p
T10B10.3	cel-miR-37-3p
F42H10.5	cel-miR-37-3p
sams-3	cel-miR-37-3p
T22B11.4	cel-miR-37-3p
F26A3.4	cel-miR-37-3p
F29B9.8	cel-miR-37-3p
T06D8.1	cel-miR-37-3p
F13H6.1	cel-miR-37-3p
AH9.6	cel-miR-36-3p
R12E2.2	cel-miR-36-3p
camt-1	cel-miR-36-3p
T10B10.3	cel-miR-36-3p
F42H10.5	cel-miR-36-3p
T22B11.4	cel-miR-36-3p
F26A3.4	cel-miR-36-3p
F29B9.8	cel-miR-36-3p
T06D8.1	cel-miR-36-3p
F13H6.1	cel-miR-36-3p
AH9.6	cel-miR-35-3p
R12E2.2	cel-miR-35-3p
camt-1	cel-miR-35-3p
T10B10.3	cel-miR-35-3p
F42H10.5	cel-miR-35-3p
sams-3	cel-miR-35-3p
T22B11.4	cel-miR-35-3p
F26A3.4	cel-miR-35-3p
F29B9.8	cel-miR-35-3p
T06D8.1	cel-miR-35-3p
F13H6.1	cel-miR-35-3p
mig-38	cel-miR-34-5p
F35H10.10	cel-miR-34-5p
K04F10.3	cel-miR-34-5p
K08D12.3	cel-miR-34-5p
F38A5.7	cel-miR-34-5p
K08D12.6	cel-miR-34-5p
Y77E11A.12	cel-miR-2-3p
ZC395.10	cel-miR-2-3p
C28H8.4	cel-miR-2-3p
T05H10.7	cel-miR-2-3p
R12E2.2	cel-miR-2-3p
D1081.7	cel-miR-2-3p
F13H6.1	cel-miR-2-3p
ZK470.2	cel-miR-2-3p
nkb-3	cel-miR-2-3p
F01G4.6	cel-miR-2-3p
hpo-34	cel-miR-2-3p
C48E7.6	cel-miR-2-3p
B0336.3	cel-miR-2-3p
dmsr-7	cel-miR-2-3p
K07H8.2	cel-miR-2-3p
F22H10.3	cel-miR-2-3p
F33G12.5	cel-miR-2-3p
F59F4.2	cel-miR-2-3p
ZC449.3	cel-miR-2-3p
C18E9.2	cel-miR-2-3p
mig-38	cel-miR-2-3p
F56D2.6	cel-miR-2-3p
mvk-1	cel-miR-2-3p
F54D1.6	cel-miR-2-3p
sec-16	cel-miR-2-3p
F29B9.8	cel-miR-2-3p
Y71F9AL.9	cel-miR-2-3p
F21D5.7	cel-miR-2-3p
F36D4.5	cel-miR-2-3p
R06C1.4	cel-miR-2-3p
F37B12.3	cel-miR-2-3p
C08G9.1	cel-miR-2-3p
W01F3.1	cel-miR-2-3p
erfa-3	cel-miR-1-3p
tomm-40	cel-miR-1-3p
C29H12.2	cel-miR-1-3p
C48A7.2	cel-miR-1-3p
C18E9.10	cel-miR-1-3p
F22F7.7	cel-miR-1-3p
B0361.9	cel-miR-1-3p
tos-1	cel-miR-1-3p
F01G4.6	cel-miR-1-3p
K08D12.3	cel-miR-1-3p
C28H8.3	cel-miR-1-3p
bet-2	cel-miR-1-3p
T27E4.7	cel-miR-1-3p
R02F2.1	cel-miR-1-3p
F35H10.10	cel-miR-1-3p
F57G12.1	cel-miR-1-3p
mig-38	cel-miR-1-3p
F49C12.12	cel-miR-1-3p
K10D3.4	cel-miR-1-3p
guk-1	cel-miR-1-3p
C10E2.6	cel-miR-1-3p
T08B2.7	cel-miR-1-3p
T28F4.5	cel-miR-1-3p
Y12A6A.2	cel-miR-1-3p
Y74C9A.4	cel-miR-1-3p
hpo-18	cel-miR-1-3p
asns-2	cel-miR-1-3p
C09D4.4	cel-miR-1-3p
C10G11.7	cel-miR-1-3p
Y54G2A.26	cel-miR-1-3p
C48B6.10	cel-miR-1-3p
R06C1.4	cel-miR-1-3p
F12B6.2	cel-lin-4-5p
C08G9.1	cel-lin-4-5p
C37H5.6	cel-lin-4-5p
prmt-1	cel-let-7-5p
K02E10.7	cel-let-7-5p
R04F11.2	cel-let-7-5p
nkb-3	cel-let-7-5p
C15H9.9	cel-let-7-5p
ZK131.11	cel-let-7-5p
C05D11.7	cel-let-7-5p
F01G4.6	cel-let-7-5p
lsy-22	cel-let-7-5p
K04F10.3	cel-let-7-5p
F21C10.3	cel-let-7-5p
Y54G2A.26	cel-let-7-5p
lpr-5	cel-let-7-5p
got-2.2	cel-let-7-5p
ZK470.2	cel-let-7-5p
ZC190.4	cel-let-7-5p
C10E2.6	cel-let-7-5p
F57G12.1	cel-let-7-5p
B0336.3	cel-let-7-5p
mab-31	cel-let-7-5p
CELE_C27C7.12	cel-lin-4-5p
Y50D7A.18	cel-lin-4-5p
W06H8.5	cel-miR-1-3p
D2030.14	cel-miR-1-3p
CELE_C27C7.12	cel-miR-1-3p
Y50D7A.18	cel-miR-1-3p
C45G7.12	cel-miR-1-3p
W06H8.5	cel-miR-1819-3p
CELE_C27C7.12	cel-miR-1819-3p
Y50D7A.18	cel-miR-1819-3p
C45G7.12	cel-miR-1819-3p
vab-10	cel-miR-1824-5p
dlg-1	cel-miR-1824-5p
CELE_C27C7.10	cel-miR-1824-5p
C45G7.11	cel-miR-1824-5p
CELE_Y51A2D.28	cel-miR-1824-5p
cfz-2	cel-miR-58b-3p
Y51F10.12	cel-miR-58b-3p
D2030.14	cel-miR-58b-3p
cfz-2	cel-miR-2209a-3p
Y51F10.12	cel-miR-2209a-3p
D2030.14	cel-miR-2209a-3p
B0041.10	cel-miR-232-3p
T06D8.1	cel-miR-233-3p
D2030.14	cel-miR-233-3p
Y54G9A.13	cel-miR-234-3p
Y54G9A.13	cel-miR-235-3p
W06H8.5	cel-miR-237-5p
CELE_C27C7.12	cel-miR-237-5p
Y50D7A.18	cel-miR-237-5p
R166.6	cel-miR-238-3p
W06H8.5	cel-miR-238-3p
R166.6	cel-miR-239a-5p
R166.6	cel-miR-239b-5p
cutl-20	cel-miR-2-3p
C45E1.8	cel-miR-2-3p
CELE_R52.12	cel-miR-2-3p
K08A2.12	cel-miR-2-3p
F40H3.11	cel-miR-2-3p
CELE_Y105E8A.42	cel-miR-242
cyc-2.1	cel-miR-245-3p
cfz-2	cel-miR-245-3p
D2030.14	cel-miR-246-3p
D2030.14	cel-miR-247-3p
K03H6.11	cel-miR-247-3p
CELE_Y41E3.460	cel-miR-247-3p
mdt-28	cel-miR-248
CELE_F59B2.13	cel-miR-248
sca-1	cel-miR-248
R166.6	cel-miR-248
CELE_C27C7.10	cel-miR-248
cutl-20	cel-miR-250-3p
C45E1.8	cel-miR-250-3p
CELE_R52.12	cel-miR-250-3p
K08A2.12	cel-miR-250-3p
F40H3.11	cel-miR-250-3p
cyc-2.1	cel-miR-253-5p
CELE_C27C7.12	cel-miR-256
Y50D7A.18	cel-miR-256
C45G7.12	cel-miR-256
R166.6	cel-miR-268
F25F1.4	cel-miR-268
CELE_Y47H9C.19	cel-miR-268
Y39A3CL.13	cel-miR-268
CELE_Y116F11B.22	cel-miR-268
R166.6	cel-miR-269
F25F1.4	cel-miR-269
vab-10	cel-miR-34-5p
dlg-1	cel-miR-34-5p
CELE_C27C7.10	cel-miR-34-5p
C45G7.11	cel-miR-34-5p
CELE_Y51A2D.28	cel-miR-34-5p
W06H8.5	cel-miR-35-3p
T06D8.1	cel-miR-356a
D2030.14	cel-miR-356a
unc-89	cel-miR-359
alh-4	cel-miR-360-3p
W06H8.5	cel-miR-36-3p
W06H8.5	cel-miR-37-3p
W06H8.5	cel-miR-38-3p
C05D2.16	cel-miR-392-3p
W06H8.5	cel-miR-39-3p
W06H8.5	cel-miR-40-3p
W06H8.5	cel-miR-41-3p
W06H8.5	cel-miR-42-3p
cutl-20	cel-miR-43-3p
C45E1.8	cel-miR-43-3p
CELE_R52.12	cel-miR-43-3p
K08A2.12	cel-miR-43-3p
F40H3.11	cel-miR-43-3p
D2030.14	cel-miR-45-3p
K03H6.11	cel-miR-45-3p
CELE_Y41E3.460	cel-miR-45-3p
vab-10	cel-miR-4933
dlg-1	cel-miR-4933
CELE_C27C7.10	cel-miR-4933
C45G7.11	cel-miR-4933
CELE_Y51A2D.28	cel-miR-4933
CELE_C27C7.12	cel-miR-50-5p
Y50D7A.18	cel-miR-50-5p
Y119D3B.26	cel-miR-51-5p
K10C9.11	cel-miR-51-5p
D1005.8	cel-miR-51-5p
Y119D3B.26	cel-miR-52-5p
K10C9.11	cel-miR-52-5p
D1005.8	cel-miR-52-5p
Y119D3B.26	cel-miR-53-5p
K10C9.11	cel-miR-53-5p
D1005.8	cel-miR-53-5p
Y119D3B.26	cel-miR-54-3p
K10C9.11	cel-miR-54-3p
D1005.8	cel-miR-54-3p
Y119D3B.26	cel-miR-56-3p
K10C9.11	cel-miR-56-3p
D1005.8	cel-miR-56-3p
vig-1	cel-miR-58a-3p
R166.6	cel-miR-58a-3p
Y51F10.12	cel-miR-58a-3p
D2030.14	cel-miR-58a-3p
Y49F6B.16	cel-miR-58a-3p
C05D2.16	cel-miR-58a-3p
CELE_C27C7.10	cel-miR-60-3p
CELE_R52.12	cel-miR-60-3p
K03H6.11	cel-miR-60-3p
D2030.14	cel-miR-61-3p
K03H6.11	cel-miR-61-3p
CELE_Y41E3.460	cel-miR-61-3p
CELE_C27C7.12	cel-miR-62
Y50D7A.18	cel-miR-62
K08A2.12	cel-miR-67-3p
CELE_Y41E3.460	cel-miR-67-3p
CELE_C27C7.12	cel-miR-71-5p
Y50D7A.18	cel-miR-71-5p
F01G4.6	cel-miR-72-5p
vig-1	cel-miR-77-3p
CELE_C27C7.12	cel-miR-77-3p
Y49F6B.16	cel-miR-77-3p
F32B5.10	cel-miR-785-3p
unc-44	cel-miR-790-5p
unc-44	cel-miR-791-3p
cfz-2	cel-miR-794-5p
W06H8.5	cel-miR-796
D2030.14	cel-miR-796
CELE_C27C7.12	cel-miR-796
Y50D7A.18	cel-miR-796
C45G7.12	cel-miR-796
cutl-20	cel-miR-797-5p
C45E1.8	cel-miR-797-5p
CELE_R52.12	cel-miR-797-5p
K08A2.12	cel-miR-797-5p
F40H3.11	cel-miR-797-5p
cfz-2	cel-miR-80-3p
Y51F10.12	cel-miR-80-3p
D2030.14	cel-miR-80-3p
cfz-2	cel-miR-81-3p
Y51F10.12	cel-miR-81-3p
D2030.14	cel-miR-81-3p
cfz-2	cel-miR-82-3p
Y51F10.12	cel-miR-82-3p
D2030.14	cel-miR-82-3p
F40H3.11	cel-miR-85-3p
T06D8.1	cel-miR-87-3p
D2030.14	cel-miR-87-3p
CELE_C27C7.12	cel-miR-90-3p
Y50D7A.18	cel-miR-90-3p
T27D12.1	cel-let-7-5p
sqv-7	cel-miR-79-3p
sqv-5	cel-miR-79-3p
T14B1.1	cel-let-7-5p
lin-28	cel-let-7-5p
ncl-1	cel-let-7-5p
cdc-42	cel-miR-34-5p
pat-3	cel-miR-34-5p
pat-3	cel-miR-83-3p
cdc-42	cel-miR-83-3p
C30B5.7	cel-miR-80-3p
C30B5.7	cel-miR-58a-3p
C37H5.13	cel-miR-58a-3p
C37H5.13	cel-miR-80-3p
cgh-1	cel-miR-80-3p
cgh-1	cel-miR-58a-3p
isw-1	cel-miR-58a-3p
isw-1	cel-miR-80-3p
nas-3	cel-miR-58a-3p
nas-3	cel-miR-80-3p

