Target Gene	miRNA
Zeb2	rno-miR-215
Zeb2	rno-miR-192-5p
Sod2	rno-miR-145-5p
Cyp2a3	rno-miR-126a-3p
Klf15	rno-miR-133b-3p
Klf15	rno-miR-133a-3p
Rxra	rno-miR-27b-3p
Rxra	rno-miR-27a-3p
Cdkn1b	rno-miR-222-3p
Cdkn1c	rno-miR-222-3p
Cdkn1b	rno-miR-221-3p
Cdkn1c	rno-miR-221-3p
Pdcd4	rno-miR-21-5p
Pdcd4	rno-miR-21-5p
Pdcd4	rno-miR-21-5p
Pdcd4	rno-miR-21-5p
Pdcd4	rno-miR-21-5p
Pdcd4	rno-miR-21-5p
Onecut2	rno-miR-9a-5p
Pmp22	rno-miR-9a-5p
Kcnj2	rno-miR-1-3p
Kcnj2	rno-miR-1-3p
Gja1	rno-miR-1-3p
Cyp2a3	rno-miR-126a-5p
Vsnl1	rno-miR-494-3p
Vsnl1	rno-miR-374-5p
Vsnl1	rno-miR-290
Vsnl1	rno-miR-124-3p
Vsnl1	rno-miR-92a-3p
Vsnl1	rno-miR-25-3p
Vim	rno-let-7i-5p
Vim	rno-let-7d-3p
Vim	rno-let-7c-5p
Vim	rno-let-7b-5p
Vim	rno-let-7a-5p
Vim	rno-miR-382-5p
Vim	rno-miR-320-3p
Vim	rno-miR-223-3p
Vim	rno-miR-185-5p
Vim	rno-miR-138-5p
Vim	rno-miR-138-5p
Vim	rno-miR-129-5p
Vim	rno-miR-92a-3p
Tpm1	rno-miR-338-3p
Tpm1	rno-miR-29c-3p
Tpm1	rno-miR-21-5p
Tagln	rno-let-7e-5p
Tagln	rno-let-7b-5p
Tagln	rno-miR-485-5p
Tagln	rno-miR-382-5p
Tagln	rno-miR-338-3p
Tagln	rno-miR-320-3p
Tagln	rno-miR-290
Tagln	rno-miR-204-5p
Tagln	rno-miR-139-5p
Tagln	rno-miR-98-5p
Tagln	rno-miR-34a-5p
Syt4	rno-miR-292-5p
Syt4	rno-miR-30e-5p
Syt4	rno-miR-30a-5p
Stx1a	rno-miR-497-5p
Stx1a	rno-miR-298-5p
Stx1a	rno-miR-29c-3p
Stx1a	rno-miR-29b-3p
Stx1a	rno-miR-29a-3p
Stx1a	rno-miR-24-3p
Ssr3	rno-miR-290
Slc17a7	rno-miR-327
Slc17a7	rno-miR-7a-5p
Scn3a	rno-miR-494-3p
Scn3a	rno-miR-223-3p
Scn3a	rno-miR-214-3p
Ptp4a2	rno-miR-290
Ptges	rno-miR-290
Ogt	rno-miR-290
Nr4a1	rno-miR-290
Neurod1	rno-miR-338-3p
Neurod1	rno-miR-124-3p
Neurod1	rno-miR-30c-5p
Neurod1	rno-miR-383-5p
Neurod1	rno-miR-30a-5p
Mmp9	rno-miR-338-3p
Mmp9	rno-miR-290
Mmp9	rno-miR-132-3p
Mmp9	rno-miR-664-3p
Mmp9	rno-miR-125a-5p
Mgst1	rno-miR-292-5p
Mgst1	rno-miR-290
Mapre1	rno-miR-290
Mapk1	rno-miR-290
Madd	rno-miR-292-5p
Lamc1	rno-miR-124-3p
Klf15	rno-miR-290
Kcnj16	rno-miR-292-5p
Kcnj16	rno-miR-218a-5p
Kcnj16	rno-let-7f-5p
Kcnj16	rno-let-7e-5p
Kcnj16	rno-miR-21-5p
Itgb1	rno-miR-124-3p
Hyou1	rno-miR-292-5p
Hyou1	rno-miR-215
Hyou1	rno-miR-27a-3p
Hmox1	rno-let-7e-5p
Hmox1	rno-let-7d-5p
Hmox1	rno-let-7a-5p
Hmox1	rno-miR-494-3p
Gpd1	rno-miR-214-3p
Golph3	rno-miR-290
Gnb1	rno-miR-290
Gmfb	rno-miR-290
Gad1	rno-miR-23a-3p
Fgfr1	rno-miR-214-3p
Fgf16	rno-miR-331-3p
Fgf16	rno-miR-320-3p
Fgf16	rno-miR-214-3p
Fgf16	rno-miR-99a-5p
Fgf16	rno-miR-494-3p
Fgf16	rno-miR-9a-5p
Dhcr24	rno-miR-7a-5p
Capn8	rno-let-7e-5p
Capn8	rno-miR-382-5p
Capn8	rno-miR-301a-3p
Capn8	rno-miR-132-3p
Capn8	rno-miR-101b-3p
Capn8	rno-miR-101a-3p
Capn8	rno-miR-34a-5p
Capn8	rno-miR-21-5p
Capn8	rno-miR-7a-5p
Bmpr2	rno-miR-494-3p
Arc	rno-miR-290
Aqp4	rno-miR-100-5p
Aqp4	rno-miR-99b-5p
Aqp4	rno-miR-383-5p
Aqp4	rno-miR-99a-5p
Aqp4	rno-miR-223-3p
Aqp4	rno-miR-30a-3p
Akap6	rno-miR-543-5p
Akap6	rno-miR-290
Akap6	rno-miR-26b-5p
Adora1	rno-miR-290
Adora1	rno-miR-150-5p
Acvr1	rno-miR-30e-5p
Acvr1	rno-miR-30c-5p
Acvr1	rno-miR-30b-5p
Acvr1	rno-miR-382-5p
Acvr1	rno-miR-290
Acvr1	rno-miR-130a-3p
Acvr1	rno-miR-30a-5p
Cav2	rno-miR-29c-3p
Cav2	rno-miR-29b-3p
Cav2	rno-miR-29a-3p
Insig1	rno-miR-29c-3p
Insig1	rno-miR-29b-3p
Insig1	rno-miR-29a-3p
Mecp2	rno-miR-132-3p
Myc	rno-let-7a-5p
Hcn2	rno-miR-133a-3p
Hcn4	rno-miR-1-3p
Hcn2	rno-miR-1-3p
Hcn2	rno-miR-1-3p
Casp9	rno-miR-133a-3p
Casp9	rno-miR-133a-3p
Map2	rno-miR-26a-5p
Lypla1	rno-miR-138-5p
Pmp22	rno-miR-29a-3p
Ctgf	rno-miR-30c-5p
Ctgf	rno-miR-133b-3p
Igf1	rno-miR-1-3p
Igf1	rno-miR-1-3p
Pum2	rno-miR-134-5p
Pten	rno-miR-21-5p
Pten	rno-miR-21-5p
Pten	rno-miR-21-5p
Pten	rno-miR-21-5p
Pten	rno-miR-21-5p
Mitf	rno-miR-182
Mitf	rno-miR-96-5p
Zeb1	rno-miR-200c-3p
Zeb1	rno-miR-200c-3p
Zeb2	rno-miR-200c-3p
Zeb2	rno-miR-200c-3p
Zeb2	rno-miR-200b-3p
Zeb2	rno-miR-200b-3p
Zeb1	rno-miR-200b-3p
Zeb1	rno-miR-200b-3p
Zeb2	rno-miR-200a-3p
Zeb2	rno-miR-200a-3p
Zeb1	rno-miR-200a-3p
Zeb1	rno-miR-200a-3p
Zeb1	rno-miR-200a-3p
Mycn	rno-miR-34a-5p
Sirt1	rno-miR-34a-5p
Sirt1	rno-miR-34a-5p
Sirt1	rno-miR-34a-5p
Sirt1	rno-miR-34a-5p
E2f3	rno-miR-34a-5p
E2f3	rno-miR-34a-5p
Cox4i1	rno-miR-338-3p
Hnrnpk	rno-miR-450a-5p
Sept3	rno-miR-23b-3p
Tpm1	rno-miR-293-5p
Tagln	rno-let-7a-5p
Sept3	rno-let-7d-3p
Sept3	rno-miR-382-5p
Sept3	rno-miR-328a-3p
Sept3	rno-miR-324-5p
Sept3	rno-miR-290
Sept3	rno-miR-181b-5p
Sept3	rno-miR-23a-3p
Hspa4	rno-miR-1-3p
Hspd1	rno-miR-1-3p
Bdnf	rno-miR-134-5p
Cntn4	rno-miR-218a-5p
Cntn4	rno-miR-223-3p
Cntn4	rno-miR-290
Cntn4	rno-miR-409a-3p
Syne1	rno-miR-290
Dclk1	rno-miR-290
Rcan1	rno-miR-290
Fgf16	rno-miR-322-5p
Kcnj16	rno-miR-342-3p
Syt17	rno-miR-9a-5p
Syt17	rno-miR-135b-5p
Adora1	rno-miR-342-3p
Bcl2l11	rno-miR-221-3p
Bcl2l11	rno-miR-222-3p
Slc2a4	rno-miR-133b-3p
Slc2a4	rno-miR-133a-3p
Tp53	rno-miR-30a-5p
Tp53	rno-miR-30b-5p
Trim63	rno-miR-27a-3p
Trim63	rno-miR-23a-3p
Myc	rno-miR-18a-5p
Prmt5	rno-miR-18a-5p
Igf1	rno-miR-206-3p
Neurod1	rno-miR-190a-5p
Mcl1	rno-miR-29a-3p
Mcl1	rno-miR-29a-3p
Mcl1	rno-miR-29c-3p
Myocd	rno-miR-9a-5p
Myocd	rno-miR-9a-5p
Slc12a5	rno-miR-92a-3p
Arhgap32	rno-miR-132-3p
Limk1	rno-miR-134-5p
Bcl6	rno-miR-127-3p
Notch1	rno-miR-34a-5p
Notch1	rno-miR-34a-5p
Klf5	rno-miR-145-5p
Pdk1	rno-miR-375-3p
Bcl2	rno-miR-1-3p
Bcl2	rno-miR-15b-5p
Bcl2	rno-miR-16-5p
Grm7	rno-miR-34a-5p
Dnm1	rno-miR-140-3p
Ccnd2	rno-miR-98-5p
Thrb	rno-miR-27a-3p
Cdc25a	rno-miR-15b-5p
Ctgf	rno-miR-133a-3p
Ppp3ca	rno-miR-499-5p
Ppp3cb	rno-miR-499-5p
Arhgap32	rno-miR-1-3p
Tppp	rno-miR-206-3p
Snap25	rno-miR-128-3p
Snap25	rno-miR-146a-5p
Faslg	rno-miR-21-5p
Tiam1	rno-miR-21-5p
Peli1	rno-miR-21-5p
Rasa1	rno-miR-335
Nox4	rno-miR-25-3p
Nox4	rno-miR-92b-3p
p53-ps	rno-miR-34c-5p
Rhoc	rno-miR-10b-5p
Mgst1	rno-miR-34a-5p
Sp1	rno-miR-34a-5p
Sp1	rno-miR-93-5p
Sirt1	rno-miR-93-5p
Mgst1	rno-miR-93-5p
Igf1r	rno-miR-378a-3p
Gria2	rno-miR-181a-5p
Bdnf	rno-miR-376b-5p
Pten	rno-miR-132-3p
Rasa1	rno-miR-132-3p
Rasa1	rno-miR-212-3p
Pax3	rno-miR-1-3p
Pax3	rno-miR-206-3p
Mapk14	rno-miR-24-3p
Ube2g1	rno-miR-199a-5p
Ube2i	rno-miR-199a-5p
Ccnd1	rno-miR-16-5p
Smad4	rno-miR-29a-3p
Sipa1	rno-miR-34c-5p
Bnip3	rno-miR-145-5p
Scarb1	rno-miR-125a-5p
Scarb1	rno-miR-125a-3p
Scarb1	rno-miR-455-5p
Smad4	rno-miR-146a-5p
Smad4	rno-miR-146a-5p
Pik3cd	rno-miR-384-5p
Anxa5	rno-miR-1-3p
Slc8a1	rno-miR-1-3p
Ccnd1	rno-miR-322-5p
Calu	rno-miR-322-5p
Isl1	rno-miR-31a-5p
Calm3	rno-miR-1-3p
Gata4	rno-miR-1-3p
Calm2	rno-miR-1-3p
Mef2a	rno-miR-1-3p
Calm1	rno-miR-1-3p
Celf2	rno-miR-451-5p
Zeb1	rno-miR-429
Zeb2	rno-miR-429
Igf1	rno-miR-320-3p
Igf1r	rno-miR-320-3p
Arl2	rno-miR-214-3p
Arl2	rno-miR-195-5p
Klf4	rno-miR-146a-5p
Myocd	rno-miR-145-5p
Celf2	rno-miR-144-3p
Elavl4	rno-miR-141-3p
Grin2a	rno-miR-132-3p
Bdnf	rno-miR-124-3p
Klf5	rno-miR-31a-5p
Tp53	rno-miR-30c-5p
Col4a2	rno-miR-29b-3p
Col18a1	rno-miR-29b-3p
Col16a1	rno-miR-29b-3p
Col8a1	rno-miR-29b-3p
Col12a1	rno-miR-29b-3p
Col1a1	rno-miR-29b-3p
Mmp2	rno-miR-29b-3p
Mmp2	rno-miR-29b-3p
Col5a1	rno-miR-29b-3p
Col7a1	rno-miR-29b-3p
Col3a1	rno-miR-29b-3p
Col5a3	rno-miR-29b-3p
Col4a1	rno-miR-29b-3p
Col5a2	rno-miR-29b-3p
Itgb1	rno-miR-29b-3p
Elavl4	rno-miR-21-5p
Arl2	rno-miR-16-5p
Arl2	rno-miR-15b-5p
Bdnf	rno-let-7d-5p
Th	rno-let-7d-5p
Mapk7	rno-miR-143-3p
Pten	rno-miR-26b-5p
Bmi1	rno-miR-128-3p
Tyr	rno-miR-101a-3p
Sox9	rno-miR-101a-3p
Satb2	rno-miR-31a-5p
BTG3	rno-miR-142-5p
Cebpa	rno-miR-182
Fech	rno-miR-210-3p
Fbln2	rno-miR-1-3p
Zeb2	rno-miR-141-3p
Cyp2e1	rno-miR-212-3p
Cyp2e1	rno-miR-132-3p
PTEN	rno-miR-132-3p
Pten	rno-miR-212-3p
Foxo3	rno-miR-132-3p
Foxo3	rno-miR-212-3p
Ccnd2	rno-miR-29a-3p
COX1	rno-miR-181c-5p
COX1	rno-miR-181c-5p
Gpnmb	rno-miR-150-5p
ING5	rno-miR-193a-3p
Sirt1	rno-miR-140-5p
Gadd45a	rno-miR-499-5p
Pdcd10	rno-miR-107-3p
GATA4	rno-miR-26b-5p
Trpc3	rno-miR-26b-5p
Stat3	rno-miR-124-3p
Arnt	rno-miR-107-3p
Bcl2l11	rno-miR-24-3p
E2f3	rno-miR-363-3p
Txnip	rno-miR-17-5p
Jph2	rno-miR-24-3p
Pten	rno-miR-216a-5p
Bcl2l1	rno-miR-98-5p
Fxyd1	rno-miR-151-5p
Tgfb2	rno-miR-200a-3p
Ctnnb1	rno-miR-200a-3p
Ctnnb1	rno-miR-200a-3p
Bak1	rno-miR-29a-3p
Bmf	rno-miR-29a-3p
Bmf	rno-miR-29a-3p
Bcl2l2	rno-miR-29a-3p
Parp1	rno-miR-7a-5p
Parp1	rno-miR-7b
Ranbp9	rno-miR-101a-3p
Ldha	rno-miR-378a-3p
Gmppa	rno-miR-378a-3p
Actn4	rno-miR-378a-3p
Acta1	rno-miR-378a-5p
Vim	rno-miR-378a-5p
Calu	rno-miR-378a-5p
Hspa5	rno-miR-378a-5p
Ppia	rno-miR-378a-5p
Ppia	rno-miR-378a-3p
Hspa5	rno-miR-378a-3p
Rasd1	rno-miR-375-3p
Rest	rno-miR-29a-3p
Irs1	rno-miR-29a-3p
Bmp7	rno-miR-30b-5p
Kras	rno-let-7a-5p
Pten	rno-miR-26a-5p
Nfkb1	rno-miR-146a-5p
Sema4d	rno-miR-125b-5p
MTCH2	rno-miR-145-5p
Hif1a	rno-miR-206-3p
Camk2g	rno-miR-145-5p
Gpx1	rno-miR-181a-5p
Bdnf	rno-miR-206-3p
Bdnf	rno-miR-206-3p
Eng	rno-miR-208a-3p
Golga2	rno-miR-17-5p
Canx	rno-miR-17-5p
Hspa8	rno-miR-17-5p
Hspa4	rno-miR-17-5p
Vegfa	rno-miR-203a-3p
Vegfa	rno-miR-29b-3p
Vegfa	rno-miR-29a-3p
CEBPB	rno-miR-92b-3p
Zeb2	rno-miR-9a-5p
Ski	rno-miR-21-5p
Tgm2	rno-miR-181a-5p
Tgm2	rno-miR-218a-5p
Jag1	rno-miR-652-3p
Stat3	rno-miR-98-5p
Fndc1	rno-miR-151-5p
Fndc1	rno-miR-672-5p
Tnfsf10	rno-miR-672-5p
Tnfsf10	rno-miR-151-5p
Pappa1	rno-miR-190a-5p
Ccl2	rno-miR-190a-5p
Ccl2	rno-miR-27b-3p
Pappa1	rno-miR-27b-3p
Rela	rno-miR-29a-3p
Rela	rno-miR-21-5p
Tsc2	rno-miR-145-5p
Pten	rno-miR-144-3p
Mapk8	rno-miR-350
Mapk14	rno-miR-350
Lrrfip1	rno-miR-132-3p
Creb1	rno-miR-181a-5p
Scn2b	rno-miR-7a-5p
Traf6	rno-miR-146a-5p
Traf6	rno-miR-146a-5p
Traf6	rno-miR-146a-5p
Irak1	rno-miR-146a-5p
Irak1	rno-miR-146a-5p
Pafah1b1	rno-miR-139-5p
KCNJ14	rno-miR-93-5p
Dnmt3b	rno-miR-29b-3p
Rhoc	rno-miR-138-5p
App	rno-miR-195-5p
Becn1	rno-miR-30a-5p
Bcl2	rno-miR-34a-5p
Bcl2	rno-miR-34a-5p
Tlr2	rno-miR-144-3p
Tlr4	rno-miR-181c-5p
Ccnd2	rno-miR-16-5p
Ccne1	rno-miR-16-5p
Tnfrsf1a	rno-miR-29a-3p
PSEN1	rno-miR-375-3p
Psen2	rno-miR-30a-5p
AQP1	rno-miR-320-3p
Grb2	rno-miR-19b-3p
Hsp90aa1	rno-miR-1-3p
Syk	rno-miR-542-3p
Sirt1	rno-miR-9a-5p
Gadd45a	rno-miR-1-3p
Acsl1	rno-miR-34a-5p
Rheb	rno-miR-200a-3p
Tat	rno-miR-133a-3p
PDCD4	rno-miR-499-5p
Hif1a	rno-miR-433-3p
Foxo3	rno-miR-27a-3p
PIM1	rno-miR-124-3p
Bmpr2	rno-miR-99a-5p
Wif1	rno-miR-17-5p
Eif5a	rno-miR-434-3p
Irak4	rno-miR-27a-3p
Tlr4	rno-miR-27a-3p
Errfi1	rno-miR-200a-5p
Errfi1	rno-miR-200b-5p
Errfi1	rno-miR-200c-5p
Nfkb1	rno-miR-9a-5p
Nfkb1	rno-miR-9a-5p
Cyp24a1	rno-miR-125b-5p
Kcnk10	rno-miR-187-3p
Dyrk1a	rno-miR-187-3p
Pdcd4	rno-miR-499-5p
Timp3	rno-miR-21-5p
Timp3	rno-miR-222-3p
Angpt1	rno-miR-21-5p
Irs1	rno-miR-139-5p
Vegfa	rno-miR-150-5p
DLL4	rno-miR-130a-3p
Mcl1	rno-miR-106b-5p
Pten	rno-miR-351-5p
Tp53	rno-miR-34a-5p
VEGFA	rno-miR-29a-3p
Pten	rno-miR-21-3p
Cyp3a62	rno-miR-23b-3p
Hmga2	rno-let-7d-3p
Bmf	rno-miR-29c-3p
Igf2bp2	rno-miR-141-3p
Txnip	rno-miR-20a-5p
Cdk6	rno-miR-129-5p
Calm1	rno-let-7a-5p
Znrf2	rno-miR-142-5p
Ikbkb	rno-miR-199a-5p
Tlr2	rno-miR-344b-1-3p
Fshb	rno-miR-21-3p
Fshb	rno-miR-433-3p
Ccnd1	rno-miR-34a-5p
Ccnd1	rno-miR-34a-5p
Ccne2	rno-miR-34a-5p
Met	rno-miR-34a-5p
Nsun2	rno-miR-132-5p
Grin2a	rno-miR-139-5p
Tagln2	rno-miR-133a-3p
Il6st	rno-miR-17-5p
Stat3	rno-miR-17-5p
Ngf	rno-let-7d-5p
Rhoa	rno-miR-141-3p
Rac1	rno-miR-124-3p
Tor2a	rno-miR-133a-3p
Epha4	rno-miR-93-5p
Gad1	rno-miR-500-3p
Kcnd2	rno-miR-223-3p
Agtr1b	rno-miR-155-5p
Ppara	rno-miR-27a-3p
Camk2d	rno-miR-30c-5p
Hspa4	rno-miR-133b-5p
Slc6a2	rno-miR-181a-5p
Rhoa	rno-miR-133a-5p
Rock2	rno-miR-133a-5p
Ppp1r12a	rno-miR-133a-5p
Myl12b	rno-miR-133a-5p
Srf	rno-miR-133a-5p
Tagln	rno-miR-133a-5p
Tlr4	rno-miR-199a-5p
Trpc1	rno-miR-135a-5p
Ets1	rno-miR-208b-3p
STAT1	rno-miR-146a-5p
Grpel1	rno-miR-378a-3p
S100a1	rno-miR-378a-3p
Ubb	rno-miR-378a-3p
Cdc34	rno-miR-133a-3p
Kcnk3	rno-miR-133a-3p
P2ry2	rno-miR-133a-3p
Zbtb18	rno-miR-133a-3p
Notch1	rno-miR-34a-3p
Csf1r	rno-miR-34a-3p
Pdgfra	rno-miR-34a-3p
Apod	rno-miR-423-3p
Foxo1	rno-miR-19b-3p
Srebf1	rno-miR-19b-3p
Mlxipl	rno-miR-19b-3p
Irs1	rno-miR-30a-5p
Mttp	rno-miR-30a-5p
Apob	rno-miR-30a-5p
Atg12	rno-miR-152-3p
Faslg	rno-let-7i-5p
Klf4	rno-miR-135a-5p
SIRT1	rno-miR-34a-5p
SIRT1	rno-miR-138-5p
Abcc8	rno-miR-9a-3p
Brd4	rno-miR-9a-5p
Cadm1	rno-miR-21-3p
Tp53	rno-miR-181a-5p
Icam1	rno-miR-221-5p
Foxo4	rno-miR-23b-5p
OLR1	rno-let-7g-5p
COX2	rno-miR-101b-3p
Wisp2	rno-miR-450a-5p
Rb1	rno-miR-106b-5p
Rb1	rno-miR-93-5p
Kat2b	rno-miR-25-3p
Irx5	rno-miR-1-3p
Kit	rno-miR-193b-3p
Nfatc4	rno-miR-29a-3p
Sod1	rno-miR-1-3p
Gclc	rno-miR-1-3p
G6pd	rno-miR-1-3p
Fabp3	rno-miR-192-5p
Smad7	rno-miR-21-5p
Cdk15	rno-miR-200a-3p
Wnt10a	rno-miR-378a-3p
Tnfrsf21	rno-miR-210-5p
Hmgb1	rno-miR-141-3p
Bcl2l2	rno-miR-676
Klf4	rno-miR-146b-5p
Kcnj2	rno-miR-16-5p
Dcx	rno-miR-34a-3p
Socs3	rno-miR-30c-1-3p
Pik3cd	rno-miR-30c-1-3p
Bdnf	rno-miR-10b-5p
Sirt1	rno-miR-138-5p
Pparg	rno-miR-27a-5p
Sp1	rno-miR-7a-5p
Sp1	rno-miR-7b
Sirt1	rno-miR-200a-3p
Cdk4	rno-miR-338-3p
Il1b	rno-miR-203a-3p
Snai1	rno-miR-203a-3p
Twist1	rno-miR-203a-3p
Adrb1	rno-miR-30e-5p
Adrb2	rno-miR-30e-5p
Bnip3l	rno-miR-30e-5p
Gnai2	rno-miR-30e-5p
REM1	rno-miR-132-5p
REM1	rno-miR-132-3p
REM1	rno-miR-214-3p
Hmox1	rno-miR-29b-1-5p
Cyld	rno-miR-130b-3p
Srebf1	rno-miR-103-3p
Srebf1	rno-miR-107-3p
Cpt1a	rno-miR-107-3p
Fasn	rno-miR-122-5p
Map1b	rno-miR-181d-3p
Calm1	rno-miR-181d-3p
Npy2r	rno-miR-9a-5p
Runx2	rno-miR-503-5p
Traf6	rno-miR-351-3p
Pag1	rno-miR-22-5p
Smurf1	rno-miR-503-5p
REST	rno-miR-218a-5p
MTOR	rno-miR-96-5p
Ctgf	rno-miR-26b-5p
Ccnd1	rno-miR-26b-5p

