CDC19	sce00010
ACS1	sce00010
GAL10	sce00010
ADH5	sce00010
PGI1	sce00010
PDB1	sce00010
GLK1	sce00010
PGK1	sce00010
ADH7	sce00010
GPM2	sce00010
THI3	sce00010
SFA1	sce00010
TPI1	sce00010
EMI2	sce00010
ALD5	sce00010
PDA1	sce00010
LPD1	sce00010
HXK1	sce00010
HXK2	sce00010
ADH4	sce00010
PDC6	sce00010
TDH3	sce00010
PFK1	sce00010
ENO1	sce00010
ENO2	sce00010
TDH1	sce00010
TDH2	sce00010
FBA1	sce00010
PGM1	sce00010
GPM1	sce00010
PCK1	sce00010
PDC1	sce00010
PDC5	sce00010
ACS2	sce00010
FBP1	sce00010
YLR446W	sce00010
ADH3	sce00010
YMR099C	sce00010
PGM2	sce00010
HFD1	sce00010
ALD3	sce00010
ALD2	sce00010
PFK2	sce00010
PRM15	sce00010
ADH2	sce00010
ADH6	sce00010
ERR3	sce00010
LAT1	sce00010
GPM3	sce00010
ADH1	sce00010
PYK2	sce00010
ALD4	sce00010
ERR1	sce00010
ALD6	sce00010
ERR2	sce00010
PYC2	sce00020
PDB1	sce00020
CIT2	sce00020
IDP1	sce00020
MDH3	sce00020
KGD2	sce00020
SDH4	sce00020
PDA1	sce00020
LPD1	sce00020
PYC1	sce00020
LSC2	sce00020
KGD1	sce00020
SDH9	sce00020
MDH1	sce00020
SDH3	sce00020
SDH1	sce00020
PCK1	sce00020
SDH2	sce00020
SHH4	sce00020
IDP2	sce00020
ACO1	sce00020
SHH3	sce00020
IDP3	sce00020
IDH1	sce00020
LAT1	sce00020
CIT1	sce00020
MDH2	sce00020
IDH2	sce00020
LSC1	sce00020
FUM1	sce00020
CIT3	sce00020
PRS4	sce00030
TKL2	sce00030
PGI1	sce00030
RBK1	sce00030
SOL2	sce00030
YDR248C	sce00030
PRS2	sce00030
NQM1	sce00030
PFK1	sce00030
SOL4	sce00030
GND2	sce00030
PRS3	sce00030
SOL3	sce00030
GND1	sce00030
RPE1	sce00030
FBA1	sce00030
PGM1	sce00030
PRS1	sce00030
TAL1	sce00030
FBP1	sce00030
PGM2	sce00030
PFK2	sce00030
PRM15	sce00030
ZWF1	sce00030
SOL1	sce00030
PRS5	sce00030
RKI1	sce00030
TKL1	sce00030
ADH7	sce00040
SOR2	sce00040
XKS1	sce00040
YHL012W	sce00040
GRE3	sce00040
RPE1	sce00040
PGU1	sce00040
SOR1	sce00040
UGP1	sce00040
XYL2	sce00040
ADH6	sce00040
GLK1	sce00051
PSA1	sce00051
SOR2	sce00051
TPI1	sce00051
EMI2	sce00051
DSF1	sce00051
PMI40	sce00051
SEC53	sce00051
DAK2	sce00051
HXK1	sce00051
HXK2	sce00051
PFK1	sce00051
PFK26	sce00051
FBP26	sce00051
SOR1	sce00051
FBA1	sce00051
YLR345W	sce00051
FBP1	sce00051
YLR446W	sce00051
DAK1	sce00051
PFK2	sce00051
MAN2	sce00051
PFK27	sce00051
GAL7	sce00052
GAL10	sce00052
GAL1	sce00052
MAL32	sce00052
GLK1	sce00052
GAL3	sce00052
EMI2	sce00052
HXK1	sce00052
HXK2	sce00052
PFK1	sce00052
IMA1	sce00052
MAL12	sce00052
YHL012W	sce00052
SUC2	sce00052
IMA3	sce00052
IMA5	sce00052
IMA4	sce00052
UGP1	sce00052
PGM1	sce00052
YLR446W	sce00052
PGM2	sce00052
PFK2	sce00052
PRM15	sce00052
IMA2	sce00052
ARA1	sce00053
ADH7	sce00053
ALD5	sce00053
ALO1	sce00053
ARA2	sce00053
HFD1	sce00053
ALD3	sce00053
ALD2	sce00053
ADH6	sce00053
ALD4	sce00053
ALD6	sce00053
ETR1	sce00061
FAA2	sce00061
CEM1	sce00061
HTD2	sce00061
FAA3	sce00061
OAR1	sce00061
FAS1	sce00061
HFA1	sce00061
FAA4	sce00061
ACC1	sce00061
MCT1	sce00061
FAA1	sce00061
FAS2	sce00061
ETR1	sce00062
IFA38	sce00062
ELO2	sce00062
TSC13	sce00062
PHS1	sce00062
ELO1	sce00062
TES1	sce00062
ELO3	sce00062
ADH5	sce00071
SFA1	sce00071
FAA2	sce00071
ALD5	sce00071
POX1	sce00071
ADH4	sce00071
FAA3	sce00071
POT1	sce00071
ECI1	sce00071
ADH3	sce00071
HFD1	sce00071
ALD3	sce00071
ALD2	sce00071
FAA4	sce00071
ADH2	sce00071
ADH1	sce00071
FAA1	sce00071
ALD4	sce00071
ERG10	sce00071
ALD6	sce00071
ERG13	sce00072
ERG10	sce00072
ARE1	sce00100
ERG26	sce00100
ERG4	sce00100
ERG25	sce00100
ERG1	sce00100
ERG11	sce00100
ERG7	sce00100
ERG9	sce00100
TGL1	sce00100
TGL4	sce00100
ERG3	sce00100
ERG27	sce00100
ERG6	sce00100
ERG5	sce00100
ERG2	sce00100
ERG24	sce00100
ARE2	sce00100
TGL5	sce00100
RFS1	sce00130
YCP4	sce00130
PST2	sce00130
PAD1	sce00130
ARO8	sce00130
COQ6	sce00130
COQ5	sce00130
COQ2	sce00130
COQ3	sce00130
CAT5	sce00130
COX1	sce00190
ATP8	sce00190
ATP6	sce00190
COB	sce00190
BI2	sce00190
BI3	sce00190
BI4	sce00190
OLI1	sce00190
COX2	sce00190
COX3	sce00190
COR1	sce00190
ATP1	sce00190
IPP1	sce00190
ATP3	sce00190
VMA2	sce00190
VMA9	sce00190
ATP16	sce00190
COX9	sce00190
VMA1	sce00190
SDH4	sce00190
ATP5	sce00190
TIM11	sce00190
ATP17	sce00190
QCR7	sce00190
RIP1	sce00190
VMA3	sce00190
CYC7	sce00190
VMA8	sce00190
COX15	sce00190
QCR6	sce00190
PMA1	sce00190
COX4	sce00190
COX13	sce00190
VMA7	sce00190
QCR9	sce00190
QCR10	sce00190
VMA16	sce00190
VMA10	sce00190
COX6	sce00190
COX5B	sce00190
SDH9	sce00190
QCR8	sce00190
CYC1	sce00190
ATP2	sce00190
ATP7	sce00190
VMA5	sce00190
SDH3	sce00190
SDH1	sce00190
ACP1	sce00190
COX17	sce00190
SDH2	sce00190
COX12	sce00190
SHH4	sce00190
ATP14	sce00190
COX8	sce00190
VMA6	sce00190
ATP18	sce00190
STV1	sce00190
SHH3	sce00190
COX7	sce00190
PPA2	sce00190
COX5A	sce00190
ATP19	sce00190
MCO10	sce00190
CYT1	sce00190
VPH1	sce00190
VMA4	sce00190
PMA2	sce00190
ATP4	sce00190
COX11	sce00190
COX10	sce00190
VMA11	sce00190
ATP15	sce00190
ATP20	sce00190
VMA13	sce00190
QCR2	sce00190
GDH3	sce00220
DUR1,2	sce00220
GDH2	sce00220
ALT2	sce00220
ARG5,6	sce00220
ARG4	sce00220
ARG2	sce00220
ARG3	sce00220
AAT1	sce00220
AAT2	sce00220
ALT1	sce00220
ARG7	sce00220
ARG1	sce00220
ARG8	sce00220
GDH1	sce00220
CAR1	sce00220
GLN1	sce00220
CDC19	sce00230
ADE1	sce00230
PRS4	sce00230
YSA1	sce00230
APA1	sce00230
FAP7	sce00230
GUD1	sce00230
ADK1	sce00230
HNT2	sce00230
HPT1	sce00230
ADE8	sce00230
APT2	sce00230
GUK1	sce00230
APA2	sce00230
YND1	sce00230
RNR1	sce00230
PRS2	sce00230
ADK2	sce00230
ADE5,7	sce00230
PDE1	sce00230
ADE6	sce00230
RNR4	sce00230
PRS3	sce00230
PPX1	sce00230
IMD2	sce00230
RNR3	sce00230
DAL1	sce00230
DAL2	sce00230
DAL3	sce00230
CYR1	sce00230
RNR2	sce00230
MET3	sce00230
HAM1	sce00230
ADO1	sce00230
MET14	sce00230
YNK1	sce00230
PGM1	sce00230
PRS1	sce00230
ADE16	sce00230
PNP1	sce00230
ADE13	sce00230
IMD3	sce00230
APT1	sce00230
AMD1	sce00230
IMD4	sce00230
PGM2	sce00230
ADE17	sce00230
GUA1	sce00230
PRM15	sce00230
ADE4	sce00230
AAH1	sce00230
ADE12	sce00230
PRS5	sce00230
ADE2	sce00230
ISN1	sce00230
PYK2	sce00230
PDE2	sce00230
URA7	sce00240
DUT1	sce00240
DAS2	sce00240
URH1	sce00240
URA3	sce00240
YND1	sce00240
RNR1	sce00240
RNR4	sce00240
FUR1	sce00240
DCD1	sce00240
RNR3	sce00240
RNR2	sce00240
URA2	sce00240
CDC8	sce00240
URA8	sce00240
CPA2	sce00240
URA6	sce00240
YNK1	sce00240
URA1	sce00240
PNP1	sce00240
CDD1	sce00240
URA4	sce00240
URA5	sce00240
YMR226C	sce00240
URA10	sce00240
URK1	sce00240
CDC21	sce00240
CPA1	sce00240
FCY1	sce00240
GDH3	sce00250
UGA2	sce00250
GLT1	sce00250
GDH2	sce00250
ALT2	sce00250
ASP1	sce00250
AGX1	sce00250
UGA1	sce00250
ASN2	sce00250
ARG4	sce00250
PUT2	sce00250
URA2	sce00250
CPA2	sce00250
GFA1	sce00250
AAT1	sce00250
AAT2	sce00250
ALT1	sce00250
ASP3-1	sce00250
ASP3-2	sce00250
ASP3-3	sce00250
ASP3-4	sce00250
NIT3	sce00250
ADE13	sce00250
YMR084W	sce00250
GAD1	sce00250
ADE4	sce00250
ADE12	sce00250
ARG1	sce00250
CPA1	sce00250
GDH1	sce00250
GLN1	sce00250
ASN1	sce00250
CYS3	sce00260
GCV3	sce00260
SHM1	sce00260
CHA1	sce00260
THR4	sce00260
GPM2	sce00260
GCV1	sce00260
HOM2	sce00260
HEM1	sce00260
GLY1	sce00260
CHO1	sce00260
HOM3	sce00260
SER3	sce00260
ILV1	sce00260
LPD1	sce00260
AGX1	sce00260
TRP5	sce00260
DSD1	sce00260
CYS4	sce00260
TDA10	sce00260
SER2	sce00260
THR1	sce00260
SER33	sce00260
HOM6	sce00260
GPM1	sce00260
SHM2	sce00260
GCV2	sce00260
YMR226C	sce00260
GPM3	sce00260
SER1	sce00260
HOM2	sce00261
HOM3	sce00261
MET3	sce00261
CYS3	sce00270
CHA1	sce00270
MDH3	sce00270
HOM2	sce00270
SAM2	sce00270
UTR4	sce00270
SAH1	sce00270
HOM3	sce00270
SER3	sce00270
MET6	sce00270
IRC7	sce00270
STR3	sce00270
ARO8	sce00270
MCY1	sce00270
CYS4	sce00270
BAT1	sce00270
SER33	sce00270
GSH1	sce00270
MDE1	sce00270
STR2	sce00270
HOM6	sce00270
BAT2	sce00270
YKL069W	sce00270
MDH1	sce00270
AAT1	sce00270
YLL058W	sce00270
MHT1	sce00270
MEU1	sce00270
AAT2	sce00270
SPE4	sce00270
SAM1	sce00270
MET17	sce00270
YML082W	sce00270
ADI1	sce00270
MET2	sce00270
GSH2	sce00270
SPE2	sce00270
MDH2	sce00270
SER1	sce00270
TUM1	sce00270
SAM4	sce00270
SPE3	sce00270
MRI1	sce00270
EHD3	sce00280
ALD5	sce00280
LPD1	sce00280
UGA1	sce00280
BAT1	sce00280
POT1	sce00280
BAT2	sce00280
ERG13	sce00280
HFD1	sce00280
ALD3	sce00280
ALD2	sce00280
ALD4	sce00280
ERG10	sce00280
ALD6	sce00280
ILV6	sce00290
LEU2	sce00290
CHA1	sce00290
ILV1	sce00290
LEU1	sce00290
BAT1	sce00290
ILV3	sce00290
BAT2	sce00290
ILV5	sce00290
ILV2	sce00290
LEU4	sce00290
LEU9	sce00290
LYS2	sce00300
LYS21	sce00300
LYS20	sce00300
HOM2	sce00300
LYS4	sce00300
HOM3	sce00300
ARO8	sce00300
LYS12	sce00300
LYS1	sce00300
ACO2	sce00300
HOM6	sce00300
LYS9	sce00300
UGA2	sce00310
KGD2	sce00310
DOT1	sce00310
ALD5	sce00310
LPD1	sce00310
CTM1	sce00310
SET1	sce00310
LYS1	sce00310
SET2	sce00310
HFD1	sce00310
ALD3	sce00310
ALD2	sce00310
LYS9	sce00310
ALD4	sce00310
ERG10	sce00310
ALD6	sce00310
AMD2	sce00330
PRO1	sce00330
PRO3	sce00330
ALD5	sce00330
YHR033W	sce00330
PUT2	sce00330
AAT1	sce00330
SPE1	sce00330
AAT2	sce00330
PUT1	sce00330
SPE4	sce00330
CAR2	sce00330
FMS1	sce00330
HFD1	sce00330
ALD3	sce00330
ALD2	sce00330
SPE2	sce00330
PRO2	sce00330
ALD4	sce00330
ALD6	sce00330
CAR1	sce00330
FCY1	sce00330
SPE3	sce00330
PRO1	sce00332
YHR033W	sce00332
PRO2	sce00332
HIS7	sce00340
HIS4	sce00340
HIS1	sce00340
ALD5	sce00340
HIS2	sce00340
HIS6	sce00340
HIS5	sce00340
HFD1	sce00340
ALD3	sce00340
ALD2	sce00340
YNL092W	sce00340
HIS3	sce00340
ALD4	sce00340
ALD6	sce00340
UGA2	sce00350
ADH5	sce00350
SFA1	sce00350
ARO8	sce00350
ADH4	sce00350
ARO9	sce00350
HIS5	sce00350
AAT1	sce00350
AAT2	sce00350
ADH3	sce00350
ADH2	sce00350
FMP41	sce00350
ADH1	sce00350
AMD2	sce00360
ARO10	sce00360
HPA3	sce00360
ARO8	sce00360
ARO9	sce00360
HIS5	sce00360
AAT1	sce00360
AAT2	sce00360
HPA2	sce00360
BNA4	sce00380
KGD2	sce00380
AMD2	sce00380
CTA1	sce00380
BNA7	sce00380
ALD5	sce00380
LPD1	sce00380
ARO8	sce00380
CTT1	sce00380
NIT1	sce00380
BNA3	sce00380
BNA1	sce00380
BNA2	sce00380
BNA5	sce00380
HFD1	sce00380
ALD3	sce00380
ALD2	sce00380
ALD4	sce00380
ERG10	sce00380
ALD6	sce00380
TYR1	sce00400
ARO4	sce00400
TRP1	sce00400
ARO3	sce00400
ARO1	sce00400
TRP4	sce00400
TRP2	sce00400
TRP5	sce00400
ARO2	sce00400
ARO8	sce00400
ARO9	sce00400
HIS5	sce00400
AAT1	sce00400
TRP3	sce00400
AAT2	sce00400
PHA2	sce00400
ARO7	sce00400
EHD3	sce00410
ALD5	sce00410
POX1	sce00410
UGA1	sce00410
PAN6	sce00410
FOX2	sce00410
FMS1	sce00410
HFD1	sce00410
ALD3	sce00410
ALD2	sce00410
GAD1	sce00410
ALD4	sce00410
ALD6	sce00410
GDH2	sce00430
ECM38	sce00430
GAD1	sce00430
ECT1	sce00440
PCT1	sce00440
EPT1	sce00440
CPT1	sce00440
CYS3	sce00450
TRR1	sce00450
MET6	sce00450
IRC7	sce00450
STR3	sce00450
MSM1	sce00450
MES1	sce00450
TRR2	sce00450
MET3	sce00450
STR2	sce00450
YLL058W	sce00450
YML082W	sce00450
SHM1	sce00460
ASP1	sce00460
NIT1	sce00460
SHM2	sce00460
ASP3-1	sce00460
ASP3-2	sce00460
ASP3-3	sce00460
ASP3-4	sce00460
ECM38	sce00460
PRX1	sce00480
IDP1	sce00480
RNR1	sce00480
GCG1	sce00480
DUG1	sce00480
RNR4	sce00480
GND2	sce00480
GND1	sce00480
RNR3	sce00480
GTT1	sce00480
RNR2	sce00480
GSH1	sce00480
SPE1	sce00480
OXP1	sce00480
SPE4	sce00480
IDP2	sce00480
ECM38	sce00480
IDP3	sce00480
URE2	sce00480
ZWF1	sce00480
GSH2	sce00480
GLR1	sce00480
SPE3	sce00480
NTH2	sce00500
TPS1	sce00500
PGI1	sce00500
MAL32	sce00500
GLK1	sce00500
NTH1	sce00500
TPS2	sce00500
EXG2	sce00500
EMI2	sce00500
GLC3	sce00500
GSY1	sce00500
HXK1	sce00500
HXK2	sce00500
GSC2	sce00500
BGL2	sce00500
IMA1	sce00500
MAL12	sce00500
YHL012W	sce00500
SGA1	sce00500
SUC2	sce00500
IMA3	sce00500
GLG2	sce00500
IMA5	sce00500
IMA4	sce00500
UGP1	sce00500
PGM1	sce00500
GLG1	sce00500
GSY2	sce00500
EXG1	sce00500
FKS1	sce00500
YLR446W	sce00500
TSL1	sce00500
PGM2	sce00500
TPS3	sce00500
PRM15	sce00500
FKS3	sce00500
IMA2	sce00500
SPR1	sce00500
ATH1	sce00500
GPH1	sce00500
GDB1	sce00500
ALG3	sce00510
ALG14	sce00510
ALG1	sce00510
ROT2	sce00510
ALG7	sce00510
OST4	sce00510
WBP1	sce00510
STT3	sce00510
CWH41	sce00510
ALG13	sce00510
ALG2	sce00510
OST5	sce00510
CAX4	sce00510
DIE2	sce00510
DFG10	sce00510
OST1	sce00510
MNS1	sce00510
MNL2	sce00510
OST6	sce00510
SEC59	sce00510
SWP1	sce00510
ALG11	sce00510
ALG9	sce00510
ALG12	sce00510
ALG6	sce00510
ALG8	sce00510
OST3	sce00510
OST2	sce00510
ALG5	sce00510
DPM1	sce00510
AMS1	sce00511
ALG3	sce00513
MNN2	sce00513
ALG14	sce00513
ALG1	sce00513
OST4	sce00513
MNN10	sce00513
WBP1	sce00513
ANP1	sce00513
MNN1	sce00513
STT3	sce00513
OCH1	sce00513
ALG13	sce00513
ALG2	sce00513
OST5	sce00513
OST1	sce00513
MNN11	sce00513
MNN5	sce00513
HOC1	sce00513
MNS1	sce00513
MNL2	sce00513
OST6	sce00513
VAN1	sce00513
SWP1	sce00513
ALG11	sce00513
ALG9	sce00513
ALG12	sce00513
MNT4	sce00513
OST3	sce00513
OST2	sce00513
MNN9	sce00513
KTR6	sce00513
PMT2	sce00514
KTR3	sce00514
PMT5	sce00514
PMT1	sce00514
PMT7	sce00514
KRE2	sce00514
MNN1	sce00514
MNT2	sce00514
PMT6	sce00514
MNT3	sce00514
PMT4	sce00514
MNT4	sce00514
KTR1	sce00514
PMT3	sce00514
PMT2	sce00515
PMT5	sce00515
PMT1	sce00515
PMT7	sce00515
PMT6	sce00515
PMT4	sce00515
PMT3	sce00515
GAL7	sce00520
GAL10	sce00520
GAL1	sce00520
CHS3	sce00520
CHS2	sce00520
PGI1	sce00520
GLK1	sce00520
PSA1	sce00520
QRI1	sce00520
GAL3	sce00520
CTS2	sce00520
EMI2	sce00520
PCM1	sce00520
PMI40	sce00520
GNA1	sce00520
SEC53	sce00520
HXK1	sce00520
HXK2	sce00520
YHL012W	sce00520
CBR1	sce00520
UGP1	sce00520
GFA1	sce00520
PGM1	sce00520
MCR1	sce00520
CTS1	sce00520
CDA1	sce00520
CDA2	sce00520
YLR446W	sce00520
AIM33	sce00520
PGA3	sce00520
YMR084W	sce00520
PGM2	sce00520
PRM15	sce00520
CHS1	sce00520
SCT1	sce00561
ATG15	sce00561
ADH7	sce00561
SLC1	sce00561
TGL2	sce00561
DPP1	sce00561
LPP1	sce00561
PHM8	sce00561
GPP2	sce00561
ALD5	sce00561
DAK2	sce00561
TDA10	sce00561
GUT1	sce00561
GPP1	sce00561
YJU3	sce00561
GPT2	sce00561
TGL4	sce00561
DAK1	sce00561
HFD1	sce00561
PAH1	sce00561
ALD3	sce00561
ALD2	sce00561
TGL3	sce00561
ADH6	sce00561
LRO1	sce00561
TGL5	sce00561
GCY1	sce00561
ALE1	sce00561
DGA1	sce00561
ALD4	sce00561
ALD6	sce00561
LOA1	sce00561
TPI1	sce00562
ARG82	sce00562
MSS4	sce00562
INM2	sce00562
IPK1	sce00562
FAB1	sce00562
INM1	sce00562
INP51	sce00562
LSB6	sce00562
INO1	sce00562
YMR1	sce00562
SAC1	sce00562
VPS34	sce00562
STT4	sce00562
INP52	sce00562
TEP1	sce00562
PIK1	sce00562
FIG4	sce00562
INP53	sce00562
PLC1	sce00562
PIS1	sce00562
GPI18	sce00563
PBN1	sce00563
CDC1	sce00563
GPI11	sce00563
GPI8	sce00563
GPI17	sce00563
GPI19	sce00563
BST1	sce00563
GPI10	sce00563
GPI1	sce00563
GPI16	sce00563
LAS21	sce00563
GWT1	sce00563
YJL132W	sce00563
GPI14	sce00563
MCD4	sce00563
GPI13	sce00563
GAA1	sce00563
GAB1	sce00563
GPI12	sce00563
GPI15	sce00563
SMP3	sce00563
GPI2	sce00563
ERI1	sce00563
SPT14	sce00563
SCT1	sce00564
CDS1	sce00564
PGS1	sce00564
GPD1	sce00564
SLC1	sce00564
CRD1	sce00564
EKI1	sce00564
DPP1	sce00564
LPP1	sce00564
CHO1	sce00564
ECT1	sce00564
CLD1	sce00564
CHO2	sce00564
PSD2	sce00564
PCT1	sce00564
GEP4	sce00564
EPT1	sce00564
AYR1	sce00564
GUT2	sce00564
OPI3	sce00564
SPO14	sce00564
GPT2	sce00564
TGL4	sce00564
CKI1	sce00564
NTE1	sce00564
PLB2	sce00564
PLB1	sce00564
PAH1	sce00564
CPT1	sce00564
PSD1	sce00564
PLB3	sce00564
GPD2	sce00564
TGL5	sce00564
ALE1	sce00564
DGK1	sce00564
GDE1	sce00564
PGC1	sce00564
PIS1	sce00564
LOA1	sce00564
TAZ1	sce00564
EPT1	sce00565
AYR1	sce00565
SPO14	sce00565
TGL4	sce00565
CPT1	sce00565
TGL5	sce00565
ALE1	sce00565
PAC1	sce00565
TGL4	sce00590
LAP2	sce00590
TGL5	sce00590
POX1	sce00592
POT1	sce00592
TGL4	sce00592
TGL5	sce00592
YPC1	sce00600
TSC10	sce00600
LCB2	sce00600
DPL1	sce00600
SUR2	sce00600
ISC1	sce00600
LAG1	sce00600
LCB3	sce00600
LAC1	sce00600
YSR3	sce00600
LCB5	sce00600
LCB1	sce00600
LCB4	sce00600
YDC1	sce00600
CDC19	sce00620
ACS1	sce00620
ACH1	sce00620
ADH5	sce00620
PYC2	sce00620
PDB1	sce00620
ADH7	sce00620
MDH3	sce00620
LYS21	sce00620
SFA1	sce00620
DLD1	sce00620
DLD2	sce00620
LYS20	sce00620
GLO2	sce00620
HSP31	sce00620
DLD3	sce00620
ALD5	sce00620
PDA1	sce00620
LPD1	sce00620
PYC1	sce00620
ADH4	sce00620
DAL7	sce00620
MAE1	sce00620
MDH1	sce00620
PCK1	sce00620
ACS2	sce00620
GLO1	sce00620
CYB2	sce00620
ADH3	sce00620
HFD1	sce00620
ALD3	sce00620
ALD2	sce00620
HFA1	sce00620
ADH2	sce00620
ADH6	sce00620
SNO4	sce00620
LAT1	sce00620
LEU4	sce00620
MLS1	sce00620
ACC1	sce00620
ADH1	sce00620
MDH2	sce00620
GRE2	sce00620
GLO4	sce00620
LEU9	sce00620
PYK2	sce00620
ALD4	sce00620
HSP33	sce00620
ERG10	sce00620
ALD6	sce00620
FUM1	sce00620
HSP32	sce00620
GCV3	sce00630
ACS1	sce00630
PCS60	sce00630
SHM1	sce00630
CIT2	sce00630
MDH3	sce00630
GCV1	sce00630
CTA1	sce00630
BNA7	sce00630
ICL1	sce00630
LPD1	sce00630
AGX1	sce00630
CTT1	sce00630
TDA10	sce00630
DAL7	sce00630
MDH1	sce00630
SHM2	sce00630
ACS2	sce00630
ACO1	sce00630
GCV2	sce00630
MLS1	sce00630
GOR1	sce00630
CIT1	sce00630
MDH2	sce00630
FDH1	sce00630
ERG10	sce00630
CIT3	sce00630
ICL2	sce00630
GLN1	sce00630
ACS1	sce00640
EHD3	sce00640
LPD1	sce00640
POX1	sce00640
UGA1	sce00640
LSC2	sce00640
FOX2	sce00640
ACS2	sce00640
HFA1	sce00640
ACC1	sce00640
GRE2	sce00640
LSC1	sce00640
ERG10	sce00640
PDH1	sce00640
BDH1	sce00650
BDH2	sce00650
UGA2	sce00650
ILV6	sce00650
UGA1	sce00650
ERG13	sce00650
ILV2	sce00650
GAD1	sce00650
ERG10	sce00650
ILV6	sce00660
LEU2	sce00660
ILV2	sce00660
FMT1	sce00670
MIS1	sce00670
SHM1	sce00670
GCV1	sce00670
ADE8	sce00670
FAU1	sce00670
MET13	sce00670
ADE3	sce00670
MTD1	sce00670
ADE16	sce00670
SHM2	sce00670
ADE17	sce00670
CDC21	sce00670
DFR1	sce00670
MET12	sce00670
ACS1	sce00680
SHM1	sce00680
GPM2	sce00680
SFA1	sce00680
SER3	sce00680
AGX1	sce00680
DAK2	sce00680
SER2	sce00680
PFK1	sce00680
ENO1	sce00680
ENO2	sce00680
SER33	sce00680
YJL068C	sce00680
FBA1	sce00680
GPM1	sce00680
SHM2	sce00680
ACS2	sce00680
FBP1	sce00680
DAK1	sce00680
PFK2	sce00680
ERR3	sce00680
GPM3	sce00680
SER1	sce00680
FDH1	sce00680
ERR1	sce00680
ERR2	sce00680
PHO11	sce00730
PHO3	sce00730
PHO5	sce00730
NFS1	sce00730
DIA3	sce00730
THI13	sce00730
ADK1	sce00730
PHO8	sce00730
ADK2	sce00730
THI5	sce00730
THI4	sce00730
PHO12	sce00730
THI11	sce00730
THI12	sce00730
THI20	sce00730
THI80	sce00730
THI6	sce00730
THI21	sce00730
LTP1	sce00730
PHO11	sce00740
RIB1	sce00740
PHO3	sce00740
PHO5	sce00740
RIB7	sce00740
RIB5	sce00740
DIA3	sce00740
FAD1	sce00740
FMN1	sce00740
RIB3	sce00740
PHO12	sce00740
RIB2	sce00740
RIB4	sce00740
LTP1	sce00740
PDX3	sce00750
THR4	sce00750
BUD16	sce00750
SNZ3	sce00750
SNO3	sce00750
YGR017W	sce00750
SNO1	sce00750
SNZ1	sce00750
SNZ2	sce00750
SNO2	sce00750
BUD17	sce00750
SER1	sce00750
YPR127W	sce00750
UGA2	sce00760
POF1	sce00760
SIR2	sce00760
HST4	sce00760
URH1	sce00760
BNA6	sce00760
PNC1	sce00760
NPY1	sce00760
SDT1	sce00760
NMA2	sce00760
QNS1	sce00760
UTR1	sce00760
PNP1	sce00760
NMA1	sce00760
NRK1	sce00760
HST1	sce00760
HST3	sce00760
ISN1	sce00760
NPT1	sce00760
HST2	sce00760
ECM31	sce00770
ILV6	sce00770
CAB5	sce00770
CAB1	sce00770
ALD5	sce00770
LYS5	sce00770
CAB4	sce00770
PAN5	sce00770
BAT1	sce00770
CAB2	sce00770
PAN6	sce00770
ILV3	sce00770
BAT2	sce00770
CAB3	sce00770
ILV5	sce00770
FMS1	sce00770
ILV2	sce00770
HFD1	sce00770
ALD3	sce00770
ALD2	sce00770
ALD4	sce00770
ALD6	sce00770
PPT2	sce00770
BPL1	sce00780
CEM1	sce00780
BIO2	sce00780
OAR1	sce00780
BIO4	sce00780
BIO3	sce00780
AIM22	sce00785
LIP2	sce00785
LIP5	sce00785
RIB1	sce00790
PHO8	sce00790
FOL2	sce00790
MCO14	sce00790
RMA1	sce00790
FOL3	sce00790
ABZ2	sce00790
FOL1	sce00790
ABZ1	sce00790
DFR1	sce00790
MET7	sce00790
DUR1,2	sce00791
DDI2	sce00791
DDI3	sce00791
CYC3	sce00860
MET8	sce00860
YFH1	sce00860
HEM3	sce00860
HEM13	sce00860
HEM12	sce00860
HEM1	sce00860
HEM14	sce00860
COX15	sce00860
HEM2	sce00860
GUS1	sce00860
CYT2	sce00860
MET1	sce00860
MSE1	sce00860
HEM15	sce00860
HEM4	sce00860
COX10	sce00860
RER2	sce00900
COQ1	sce00900
RAM1	sce00900
NUS1	sce00900
STE14	sce00900
ERG20	sce00900
STE24	sce00900
RAM2	sce00900
HMG2	sce00900
HMG1	sce00900
ERG13	sce00900
SRT1	sce00900
ERG12	sce00900
ERG8	sce00900
RCE1	sce00900
MVD1	sce00900
ERG10	sce00900
BTS1	sce00900
IDI1	sce00900
ERG1	sce00909
ERG9	sce00909
GDH3	sce00910
GLT1	sce00910
GDH2	sce00910
NIT1	sce00910
YJR149W	sce00910
NCE103	sce00910
GDH1	sce00910
GLN1	sce00910
APA1	sce00920
APA2	sce00920
MET10	sce00920
MCY1	sce00920
MET3	sce00920
STR2	sce00920
MET5	sce00920
MET14	sce00920
YLL058W	sce00920
MET17	sce00920
YML082W	sce00920
MET2	sce00920
MET22	sce00920
TUM1	sce00920
MET16	sce00920
FMT1	sce00970
ILS1	sce00970
PET112	sce00970
GRS1	sce00970
SLM5	sce00970
SES1	sce00970
KRS1	sce00970
MSW1	sce00970
YDR341C	sce00970
AIM10	sce00970
FRS2	sce00970
GUS1	sce00970
VAS1	sce00970
GTF1	sce00970
MSM1	sce00970
TYS1	sce00970
MES1	sce00970
DIA4	sce00970
DED81	sce00970
YHR020W	sce00970
MSR1	sce00970
THS1	sce00970
MST1	sce00970
DPS1	sce00970
FRS1	sce00970
NAM2	sce00970
HER2	sce00970
MSK1	sce00970
CRS1	sce00970
MSE1	sce00970
WRS1	sce00970
GLN4	sce00970
ALA1	sce00970
ISM1	sce00970
MSY1	sce00970
MSD1	sce00970
CDC60	sce00970
HTS1	sce00970
MSF1	sce00970
GRS2	sce00970
null	sce00970
null	sce00970
null	sce00970
null	sce00970
null	sce00970
null	sce00970
null	sce00970
null	sce00970
null	sce00970
null	sce00970
null	sce00970
null	sce00970
null	sce00970
null	sce00970
null	sce00970
null	sce00970
null	sce00970
null	sce00970
null	sce00970
null	sce00970
null	sce00970
null	sce00970
null	sce00970
null	sce00970
null	sce00970
null	sce00970
null	sce00970
null	sce00970
null	sce00970
null	sce00970
null	sce00970
null	sce00970
null	sce00970
null	sce00970
null	sce00970
null	sce00970
null	sce00970
null	sce00970
null	sce00970
null	sce00970
null	sce00970
null	sce00970
null	sce00970
null	sce00970
null	sce00970
null	sce00970
null	sce00970
null	sce00970
null	sce00970
null	sce00970
null	sce00970
null	sce00970
null	sce00970
null	sce00970
null	sce00970
null	sce00970
null	sce00970
null	sce00970
null	sce00970
null	sce00970
null	sce00970
null	sce00970
null	sce00970
null	sce00970
null	sce00970
null	sce00970
null	sce00970
null	sce00970
null	sce00970
null	sce00970
null	sce00970
null	sce00970
null	sce00970
null	sce00970
null	sce00970
null	sce00970
null	sce00970
null	sce00970
null	sce00970
null	sce00970
null	sce00970
null	sce00970
null	sce00970
null	sce00970
null	sce00970
null	sce00970
null	sce00970
null	sce00970
null	sce00970
null	sce00970
null	sce00970
null	sce00970
null	sce00970
null	sce00970
null	sce00970
null	sce00970
null	sce00970
null	sce00970
null	sce00970
null	sce00970
null	sce00970
null	sce00970
null	sce00970
null	sce00970
null	sce00970
null	sce00970
null	sce00970
null	sce00970
null	sce00970
null	sce00970
null	sce00970
null	sce00970
null	sce00970
null	sce00970
null	sce00970
null	sce00970
null	sce00970
null	sce00970
null	sce00970
null	sce00970
null	sce00970
null	sce00970
null	sce00970
null	sce00970
null	sce00970
null	sce00970
null	sce00970
null	sce00970
null	sce00970
null	sce00970
null	sce00970
null	sce00970
null	sce00970
null	sce00970
null	sce00970
null	sce00970
null	sce00970
null	sce00970
null	sce00970
null	sce00970
null	sce00970
null	sce00970
null	sce00970
null	sce00970
null	sce00970
null	sce00970
null	sce00970
null	sce00970
null	sce00970
null	sce00970
null	sce00970
null	sce00970
null	sce00970
null	sce00970
null	sce00970
null	sce00970
null	sce00970
null	sce00970
null	sce00970
null	sce00970
null	sce00970
null	sce00970
null	sce00970
null	sce00970
null	sce00970
null	sce00970
null	sce00970
null	sce00970
null	sce00970
null	sce00970
null	sce00970
null	sce00970
null	sce00970
null	sce00970
null	sce00970
null	sce00970
null	sce00970
null	sce00970
null	sce00970
null	sce00970
null	sce00970
null	sce00970
null	sce00970
null	sce00970
null	sce00970
null	sce00970
null	sce00970
null	sce00970
null	sce00970
null	sce00970
null	sce00970
null	sce00970
null	sce00970
null	sce00970
null	sce00970
null	sce00970
null	sce00970
null	sce00970
null	sce00970
null	sce00970
null	sce00970
null	sce00970
null	sce00970
null	sce00970
null	sce00970
null	sce00970
null	sce00970
null	sce00970
null	sce00970
null	sce00970
null	sce00970
null	sce00970
null	sce00970
null	sce00970
null	sce00970
null	sce00970
null	sce00970
null	sce00970
null	sce00970
null	sce00970
null	sce00970
null	sce00970
null	sce00970
null	sce00970
null	sce00970
null	sce00970
null	sce00970
null	sce00970
null	sce00970
null	sce00970
null	sce00970
null	sce00970
null	sce00970
null	sce00970
null	sce00970
null	sce00970
null	sce00970
null	sce00970
null	sce00970
null	sce00970
null	sce00970
null	sce00970
null	sce00970
null	sce00970
null	sce00970
null	sce00970
null	sce00970
null	sce00970
null	sce00970
null	sce00970
null	sce00970
null	sce00970
null	sce00970
null	sce00970
null	sce00970
null	sce00970
null	sce00970
null	sce00970
null	sce00970
null	sce00970
null	sce00970
null	sce00970
null	sce00970
null	sce00970
null	sce00970
null	sce00970
null	sce00970
null	sce00970
null	sce00970
null	sce00970
null	sce00970
null	sce00970
null	sce00970
null	sce00970
null	sce00970
null	sce00970
null	sce00970
null	sce00970
null	sce00970
null	sce00970
null	sce00970
null	sce00970
null	sce00970
null	sce00970
null	sce00970
null	sce00970
null	sce00970
null	sce00970
null	sce00970
null	sce00970
null	sce00970
null	sce00970
null	sce00970
null	sce00970
null	sce00970
null	sce00970
null	sce00970
null	sce00970
IFA38	sce01040
ELO2	sce01040
TSC13	sce01040
OLE1	sce01040
POX1	sce01040
POT1	sce01040
PHS1	sce01040
ELO1	sce01040
TES1	sce01040
ELO3	sce01040
COX1	sce01100
ATP8	sce01100
ATP6	sce01100
COB	sce01100
BI2	sce01100
BI3	sce01100
BI4	sce01100
OLI1	sce01100
COX2	sce01100
COX3	sce01100
CYS3	sce01100
PMT2	sce01100
CDC19	sce01100
GCV3	sce01100
ACS1	sce01100
GDH3	sce01100
ADE1	sce01100
PHO11	sce01100
SCT1	sce01100
ACH1	sce01100
RIB1	sce01100
URA7	sce01100
COR1	sce01100
PRX1	sce01100
PRS4	sce01100
PET112	sce01100
ALG3	sce01100
BNA4	sce01100
ATP1	sce01100
NTH2	sce01100
GPI18	sce01100
UGA2	sce01100
MNN2	sce01100
GAL7	sce01100
GAL10	sce01100
GAL1	sce01100
CHS3	sce01100
ETR1	sce01100
CDS1	sce01100
PDX3	sce01100
CHS2	sce01100
ATP3	sce01100
RFS1	sce01100
ALG14	sce01100
MIS1	sce01100
PHO3	sce01100
PHO5	sce01100
ALG1	sce01100
YSA1	sce01100
LYS2	sce01100
TKL2	sce01100
TPS1	sce01100
VMA2	sce01100
ADH5	sce01100
RIB7	sce01100
IFA38	sce01100
TYR1	sce01100
ECM31	sce01100
YPC1	sce01100
PGI1	sce01100
DUR1,2	sce01100
MET8	sce01100
PYC2	sce01100
PDB1	sce01100
PCS60	sce01100
ROT2	sce01100
ALG7	sce01100
HIS7	sce01100
ARO4	sce01100
DUT1	sce01100
RIB5	sce01100
SHM1	sce01100
TSC10	sce01100
MAL32	sce01100
PGS1	sce01100
VMA9	sce01100
ILV6	sce01100
NFS1	sce01100
LEU2	sce01100
HIS4	sce01100
GLK1	sce01100
POF1	sce01100
APA1	sce01100
PBN1	sce01100
CHA1	sce01100
YCP4	sce01100
CIT2	sce01100
PGK1	sce01100
ELO2	sce01100
RBK1	sce01100
THR4	sce01100
ATG15	sce01100
SOL2	sce01100
ADH7	sce01100
ATP16	sce01100
TSC13	sce01100
GPM2	sce01100
DIA3	sce01100
SIR2	sce01100
FAD1	sce01100
SLC1	sce01100
PSA1	sce01100
IDP1	sce01100
COX9	sce01100
MDH3	sce01100
THI3	sce01100
YDL086W	sce01100
PMT5	sce01100
PMT1	sce01100
QRI1	sce01100
LYS21	sce01100
BPL1	sce01100
CRD1	sce01100
FAP7	sce01100
SFA1	sce01100
GLT1	sce01100
DLD1	sce01100
DLD2	sce01100
LYS20	sce01100
VMA1	sce01100
HEM3	sce01100
GDH2	sce01100
OST4	sce01100
GUD1	sce01100
THI13	sce01100
SOR2	sce01100
NTH1	sce01100
TRP1	sce01100
GAL3	sce01100
GCV1	sce01100
DAS2	sce01100
PST2	sce01100
ARO3	sce01100
EHD3	sce01100
HEM13	sce01100
HEM12	sce01100
TPI1	sce01100
TGL2	sce01100
LCB2	sce01100
TPS2	sce01100
ALT2	sce01100
ARO1	sce01100
EKI1	sce01100
KGD2	sce01100
HOM2	sce01100
ARG82	sce01100
SDH4	sce01100
CDC1	sce01100
HST4	sce01100
CAB5	sce01100
MSS4	sce01100
ADK1	sce01100
HEM1	sce01100
LYS4	sce01100
FMN1	sce01100
AMD2	sce01100
MNN10	sce01100
YDR248C	sce01100
CTA1	sce01100
EXG2	sce01100
GLO2	sce01100
INM2	sce01100
DPL1	sce01100
SUR2	sce01100
ATP5	sce01100
PRO1	sce01100
GPI11	sce01100
HNT2	sce01100
PMT7	sce01100
IPK1	sce01100
ASP1	sce01100
TIM11	sce01100
GPI8	sce01100
TRP4	sce01100
CTS2	sce01100
ATP17	sce01100
ARO10	sce01100
HPT1	sce01100
URH1	sce01100
ADE8	sce01100
BNA7	sce01100
GPI17	sce01100
GPI19	sce01100
DOT1	sce01100
APT2	sce01100
GUK1	sce01100
PHO8	sce01100
RIB3	sce01100
SAM2	sce01100
EMI2	sce01100
QCR7	sce01100
APA2	sce01100
CAB1	sce01100
HSP31	sce01100
PAD1	sce01100
WBP1	sce01100
GLC3	sce01100
URA3	sce01100
RIP1	sce01100
VMA3	sce01100
BUD16	sce01100
ANP1	sce01100
UTR4	sce01100
CYC7	sce01100
GLY1	sce01100
VMA8	sce01100
PCM1	sce01100
HPA3	sce01100
DSF1	sce01100
DLD3	sce01100
MNN1	sce01100
PMI40	sce01100
YND1	sce01100
HEM14	sce01100
FAA2	sce01100
ISC1	sce01100
PRO3	sce01100
CHO1	sce01100
SAH1	sce01100
HOM3	sce01100
HIS1	sce01100
CEM1	sce01100
GPP2	sce01100
ICL1	sce01100
ARG5,6	sce01100
RNR1	sce01100
ALD5	sce01100
SER3	sce01100
ILV1	sce01100
TRP2	sce01100
MET6	sce01100
PRS2	sce01100
COX15	sce01100
GCG1	sce01100
ADK2	sce01100
PDA1	sce01100
FAU1	sce01100
GNA1	sce01100
LPD1	sce01100
BST1	sce01100
AGX1	sce01100
SEC53	sce01100
DAK2	sce01100
THI5	sce01100
SNZ3	sce01100
SNO3	sce01100
GSY1	sce01100
FAB1	sce01100
HIS2	sce01100
MET10	sce01100
QCR6	sce01100
DUG1	sce01100
BNA6	sce01100
HXK1	sce01100
IRC7	sce01100
ERG26	sce01100
PMA1	sce01100
LEU1	sce01100
ERG4	sce01100
STT3	sce01100
TRP5	sce01100
CWH41	sce01100
PNC1	sce01100
OCH1	sce01100
HEM2	sce01100
ALG13	sce01100
OLE1	sce01100
PYC1	sce01100
ALG2	sce01100
NPY1	sce01100
MET13	sce01100
GPI10	sce01100
ARO2	sce01100
STR3	sce01100
COX4	sce01100
COX13	sce01100
DSD1	sce01100
ARO8	sce01100
POX1	sce01100
OST5	sce01100
ADE5,7	sce01100
GUS1	sce01100
PDE1	sce01100
HXK2	sce01100
ADH4	sce01100
ECT1	sce01100
NMA2	sce01100
MCY1	sce01100
YGR017W	sce01100
UGA1	sce01100
VMA7	sce01100
GSC2	sce01100
NQM1	sce01100
ERG25	sce01100
ADE6	sce01100
PDC6	sce01100
CTT1	sce01100
GTF1	sce01100
ASN2	sce01100
THI4	sce01100
CYS4	sce01100
CHO2	sce01100
PSD2	sce01100
MSM1	sce01100
ERG1	sce01100
RNR4	sce01100
QCR9	sce01100
TDH3	sce01100
XKS1	sce01100
PMT6	sce01100
PCT1	sce01100
ADE3	sce01100
TDA10	sce01100
SER2	sce01100
GPI1	sce01100
DIE2	sce01100
PFK1	sce01100
LSC2	sce01100
SOL4	sce01100
ENO1	sce01100
COQ6	sce01100
GND2	sce01100
MES1	sce01100
FOL2	sce01100
CAB4	sce01100
BGL2	sce01100
BIO2	sce01100
IMA1	sce01100
MAL12	sce01100
LAG1	sce01100
PRS3	sce01100
YHL012W	sce01100
MCO14	sce01100
GUT1	sce01100
QCR10	sce01100
ERG11	sce01100
ARG4	sce01100
THR1	sce01100
VMA16	sce01100
YHR033W	sce01100
PUT2	sce01100
VMA10	sce01100
INM1	sce01100
COX6	sce01100
PAN5	sce01100
HTD2	sce01100
ERG7	sce01100
QNS1	sce01100
GEP4	sce01100
GRE3	sce01100
CTM1	sce01100
SET1	sce01100
EPT1	sce01100
FUR1	sce01100
ARO9	sce01100
DCD1	sce01100
SOL3	sce01100
ENO2	sce01100
GND1	sce01100
GPI16	sce01100
ERG9	sce01100
PPX1	sce01100
BAT1	sce01100
PHO12	sce01100
IMD2	sce01100
INP51	sce01100
FAA3	sce01100
HIS6	sce01100
GPP1	sce01100
RNR3	sce01100
SER33	sce01100
CAB2	sce01100
LYS12	sce01100
SGA1	sce01100
PFK26	sce01100
COX5B	sce01100
HIS5	sce01100
AYR1	sce01100
KGD1	sce01100
PAN6	sce01100
POT1	sce01100
SUC2	sce01100
NIT1	sce01100
IMA3	sce01100
DAL1	sce01100
DAL2	sce01100
DAL7	sce01100
DAL3	sce01100
LYS1	sce01100
GTT1	sce01100
OST1	sce01100
CYR1	sce01100
RNR2	sce01100
SDH9	sce01100
AIM22	sce01100
TDH1	sce01100
BNA3	sce01100
LAS21	sce01100
YJL068C	sce01100
ARG2	sce01100
ARG3	sce01100
GWT1	sce01100
PHS1	sce01100
LSB6	sce01100
GSH1	sce01100
RPE1	sce01100
URA2	sce01100
YJL132W	sce01100
LCB3	sce01100
GLG2	sce01100
INO1	sce01100
FBP26	sce01100
QCR8	sce01100
ERG20	sce01100
SET2	sce01100
MNN11	sce01100
MNN5	sce01100
ELO1	sce01100
ACO2	sce01100
IMA5	sce01100
IMA4	sce01100
TDH2	sce01100
MET3	sce01100
GPI14	sce01100
ILV3	sce01100
TES1	sce01100
MDE1	sce01100
BNA1	sce01100
CYC1	sce01100
UTR1	sce01100
CDC8	sce01100
HAM1	sce01100
OPI3	sce01100
HOC1	sce01100
BNA2	sce01100
URA8	sce01100
ADO1	sce01100
CPA2	sce01100
YMR1	sce01100
ATP2	sce01100
STR2	sce01100
MNS1	sce01100
MET5	sce01100
HOM6	sce01100
PMT4	sce01100
BAT2	sce01100
YJR149W	sce01100
PGU1	sce01100
THI11	sce01100
SOR1	sce01100
MET14	sce01100
LAC1	sce01100
ATP7	sce01100
URA6	sce01100
UGP1	sce01100
OAR1	sce01100
FBA1	sce01100
YNK1	sce01100
VMA5	sce01100
MDH1	sce01100
CAB3	sce01100
YJU3	sce01100
GFA1	sce01100
AAT1	sce01100
PGM1	sce01100
RMA1	sce01100
SDH3	sce01100
SDH1	sce01100
GPM1	sce01100
MCD4	sce01100
PRS1	sce01100
FAS1	sce01100
SPE1	sce01100
ACP1	sce01100
TRP3	sce01100
SAC1	sce01100
OXP1	sce01100
URA1	sce01100
FOX2	sce01100
SPO14	sce01100
YSR3	sce01100
GLG1	sce01100
GPT2	sce01100
MET1	sce01100
MTD1	sce01100
TGL4	sce01100
PCK1	sce01100
COX17	sce01100
GPI13	sce01100
SDH2	sce01100
YLL058W	sce01100
MHT1	sce01100
MEU1	sce01100
AAT2	sce01100
ADE16	sce01100
COX12	sce01100
PDC1	sce01100
ERG3	sce01100
MNL2	sce01100
SHM2	sce01100
XYL2	sce01100
GAA1	sce01100
ALT1	sce01100
ERG27	sce01100
CKI1	sce01100
PDC5	sce01100
PUT1	sce01100
SPE4	sce01100
ACS2	sce01100
ASP3-1	sce01100
ASP3-2	sce01100
ASP3-3	sce01100
ASP3-4	sce01100
SHH4	sce01100
IDP2	sce01100
SAM1	sce01100
PNP1	sce01100
BNA5	sce01100
LIP2	sce01100
VPS34	sce01100
CDD1	sce01100
GSY2	sce01100
LCB5	sce01100
CTS1	sce01100
ATP14	sce01100
ECM38	sce01100
EXG1	sce01100
MET17	sce01100
ACO1	sce01100
STT4	sce01100
CDA1	sce01100
CDA2	sce01100
NMA1	sce01100
FKS1	sce01100
NIT3	sce01100
TAL1	sce01100
ILV5	sce01100
ADE13	sce01100
ELO3	sce01100
FBP1	sce01100
COX8	sce01100
URA4	sce01100
IMD3	sce01100
CAR2	sce01100
YLR446W	sce01100
VMA6	sce01100
HMG2	sce01100
GAB1	sce01100
GLO1	sce01100
ERG6	sce01100
OST6	sce01100
APT1	sce01100
AMD1	sce01100
CYB2	sce01100
IMD4	sce01100
DAK1	sce01100
HMG1	sce01100
ATP18	sce01100
YML082W	sce01100
TSL1	sce01100
URA5	sce01100
COQ5	sce01100
VAN1	sce01100
ERG13	sce01100
ADI1	sce01100
SEC59	sce01100
ERG5	sce01100
FMS1	sce01100
STV1	sce01100
ARG7	sce01100
ADH3	sce01100
YMR084W	sce01100
SNO1	sce01100
SNZ1	sce01100
YMR099C	sce01100
PGM2	sce01100
ILV2	sce01100
HFD1	sce01100
FOL3	sce01100
SHH3	sce01100
ADE17	sce01100
SWP1	sce01100
PAH1	sce01100
ALD3	sce01100
ALD2	sce01100
GCV2	sce01100
ERG2	sce01100
PFK2	sce01100
HFA1	sce01100
ERG12	sce01100
GUA1	sce01100
ERG8	sce01100
YMR226C	sce01100
FAA4	sce01100
GAD1	sce01100
COX7	sce01100
TPS3	sce01100
URA10	sce01100
PRM15	sce01100
GPI12	sce01100
HER2	sce01100
LCB1	sce01100
ADE4	sce01100
ADH2	sce01100
FKS3	sce01100
TGL3	sce01100
ADH6	sce01100
SNO4	sce01100
ERR3	sce01100
IDP3	sce01100
NCE103	sce01100
IDH1	sce01100
GPI15	sce01100
LAP2	sce01100
ALG11	sce01100
COX5A	sce01100
LAT1	sce01100
YNL092W	sce01100
LEU4	sce01100
INP52	sce01100
MLS1	sce01100
TEP1	sce01100
NRK1	sce01100
CPT1	sce01100
AAH1	sce01100
FMP41	sce01100
PSD1	sce01100
CHS1	sce01100
ALG9	sce01100
ADE12	sce01100
URE2	sce01100
ZWF1	sce01100
FOL1	sce01100
PIK1	sce01100
GOR1	sce01100
MET2	sce01100
ERG24	sce01100
PHA2	sce01100
FIG4	sce01100
THI12	sce01100
SNZ2	sce01100
SNO2	sce01100
CIT1	sce01100
LRO1	sce01100
URK1	sce01100
ACC1	sce01100
BUD17	sce01100
ALG12	sce01100
SOL1	sce01100
COQ2	sce01100
MVD1	sce01100
LYS9	sce01100
BIO4	sce01100
BIO3	sce01100
MNT4	sce01100
MAN2	sce01100
MSE1	sce01100
GSH2	sce01100
SPE2	sce01100
THI20	sce01100
GPM3	sce01100
ARG1	sce01100
PRS5	sce01100
MET22	sce01100
RIB2	sce01100
HST1	sce01100
ATP19	sce01100
ADH1	sce01100
COQ3	sce01100
MDH2	sce01100
PFK27	sce01100
ARG8	sce01100
RIB4	sce01100
GRE2	sce01100
IMA2	sce01100
ALG6	sce01100
MCO10	sce01100
HST3	sce01100
GLO4	sce01100
CYT1	sce01100
ALG8	sce01100
CDC21	sce01100
TGL5	sce01100
OST3	sce01100
RKI1	sce01100
OST2	sce01100
LEU9	sce01100
INP53	sce01100
GCY1	sce01100
CAT5	sce01100
ADE2	sce01100
IDH2	sce01100
LSC1	sce01100
THI80	sce01100
ISN1	sce01100
GLN4	sce01100
LCB4	sce01100
ALE1	sce01100
HEM15	sce01100
SER1	sce01100
SPR1	sce01100
LIP5	sce01100
HIS3	sce01100
NPT1	sce01100
MCT1	sce01100
DFR1	sce01100
MET7	sce01100
TUM1	sce01100
PAC1	sce01100
VPH1	sce01100
MOD5	sce01100
HEM4	sce01100
CPA1	sce01100
DGK1	sce01100
FAA1	sce01100
PMT3	sce01100
PRO2	sce01100
VMA4	sce01100
PYK2	sce01100
PDE2	sce01100
ALD4	sce01100
GDH1	sce01100
FDH1	sce01100
HSP33	sce01100
ERR1	sce01100
HST2	sce01100
MET12	sce01100
ERG10	sce01100
PMA2	sce01100
MNN9	sce01100
KTR6	sce01100
ALD6	sce01100
BTS1	sce01100
GPI2	sce01100
ATP4	sce01100
YDC1	sce01100
GLR1	sce01100
ERI1	sce01100
CAR1	sce01100
IDI1	sce01100
COX11	sce01100
COX10	sce01100
SPT14	sce01100
THI6	sce01100
ALG5	sce01100
FAS2	sce01100
VMA11	sce01100
THI21	sce01100
FUM1	sce01100
PLC1	sce01100
ATP15	sce01100
SAM4	sce01100
HSP32	sce01100
ERR2	sce01100
CIT3	sce01100
PDH1	sce01100
ICL2	sce01100
ATP20	sce01100
ATH1	sce01100
GLN1	sce01100
VMA13	sce01100
ARO7	sce01100
FCY1	sce01100
SPE3	sce01100
LTP1	sce01100
TKL1	sce01100
PIS1	sce01100
MRI1	sce01100
YPR127W	sce01100
LOA1	sce01100
ASN1	sce01100
GPH1	sce01100
MET16	sce01100
DPM1	sce01100
GDB1	sce01100
QCR2	sce01100
HPA2	sce01100
CYS3	sce01110
CDC19	sce01110
GCV3	sce01110
ACS1	sce01110
ADE1	sce01110
SCT1	sce01110
RIB1	sce01110
PRS4	sce01110
NTH2	sce01110
RER2	sce01110
COQ1	sce01110
GAL10	sce01110
CDS1	sce01110
RFS1	sce01110
LYS2	sce01110
TKL2	sce01110
TPS1	sce01110
ADH5	sce01110
IFA38	sce01110
TYR1	sce01110
ECM31	sce01110
PGI1	sce01110
MET8	sce01110
PDB1	sce01110
HIS7	sce01110
ARO4	sce01110
RIB5	sce01110
SHM1	sce01110
ILV6	sce01110
LEU2	sce01110
HIS4	sce01110
GLK1	sce01110
CHA1	sce01110
YCP4	sce01110
CIT2	sce01110
PGK1	sce01110
ELO2	sce01110
THR4	sce01110
SOL2	sce01110
ADH7	sce01110
TSC13	sce01110
GPM2	sce01110
GPD1	sce01110
FAD1	sce01110
SLC1	sce01110
PSA1	sce01110
IDP1	sce01110
MDH3	sce01110
THI3	sce01110
RAM1	sce01110
LYS21	sce01110
FAP7	sce01110
SFA1	sce01110
GLT1	sce01110
LYS20	sce01110
NUS1	sce01110
HEM3	sce01110
NTH1	sce01110
TRP1	sce01110
GCV1	sce01110
PST2	sce01110
ARO3	sce01110
HEM13	sce01110
HEM12	sce01110
TPI1	sce01110
TPS2	sce01110
ARO1	sce01110
KGD2	sce01110
HOM2	sce01110
SDH4	sce01110
ADK1	sce01110
HEM1	sce01110
LYS4	sce01110
FMN1	sce01110
YDR248C	sce01110
CTA1	sce01110
DPP1	sce01110
INM2	sce01110
PRO1	sce01110
ASP1	sce01110
TRP4	sce01110
HPT1	sce01110
ADE8	sce01110
STE14	sce01110
RIB3	sce01110
SAM2	sce01110
LPP1	sce01110
EMI2	sce01110
PAD1	sce01110
GLC3	sce01110
GLY1	sce01110
PMI40	sce01110
HEM14	sce01110
PRO3	sce01110
CHO1	sce01110
HOM3	sce01110
HIS1	sce01110
ICL1	sce01110
ARG5,6	sce01110
ALD5	sce01110
SER3	sce01110
ILV1	sce01110
TRP2	sce01110
MET6	sce01110
PRS2	sce01110
COX15	sce01110
ADK2	sce01110
PDA1	sce01110
LPD1	sce01110
AGX1	sce01110
SEC53	sce01110
GSY1	sce01110
HIS2	sce01110
HXK1	sce01110
IRC7	sce01110
ERG26	sce01110
LEU1	sce01110
ERG4	sce01110
TRP5	sce01110
HEM2	sce01110
ARO2	sce01110
STR3	sce01110
ARO8	sce01110
POX1	sce01110
ADE5,7	sce01110
GUS1	sce01110
HXK2	sce01110
ADH4	sce01110
MCY1	sce01110
NQM1	sce01110
ERG25	sce01110
ADE6	sce01110
PDC6	sce01110
CTT1	sce01110
ASN2	sce01110
CYS4	sce01110
CHO2	sce01110
PSD2	sce01110
ERG1	sce01110
TDH3	sce01110
TDA10	sce01110
SER2	sce01110
PFK1	sce01110
LSC2	sce01110
SOL4	sce01110
ENO1	sce01110
COQ6	sce01110
GND2	sce01110
PRS3	sce01110
YHL012W	sce01110
ERG11	sce01110
ARG4	sce01110
THR1	sce01110
YHR033W	sce01110
INM1	sce01110
PAN5	sce01110
ERG7	sce01110
EPT1	sce01110
ARO9	sce01110
SOL3	sce01110
ENO2	sce01110
GND1	sce01110
ERG9	sce01110
BAT1	sce01110
IMD2	sce01110
HIS6	sce01110
SER33	sce01110
LYS12	sce01110
HIS5	sce01110
KGD1	sce01110
PAN6	sce01110
GUT2	sce01110
POT1	sce01110
SUC2	sce01110
DAL7	sce01110
LYS1	sce01110
SDH9	sce01110
TDH1	sce01110
ARG2	sce01110
ARG3	sce01110
PHS1	sce01110
RPE1	sce01110
GLG2	sce01110
INO1	sce01110
ERG20	sce01110
ELO1	sce01110
ACO2	sce01110
TDH2	sce01110
MET3	sce01110
ILV3	sce01110
TES1	sce01110
OPI3	sce01110
STE24	sce01110
STR2	sce01110
HOM6	sce01110
BAT2	sce01110
RAM2	sce01110
UGP1	sce01110
OAR1	sce01110
FBA1	sce01110
YNK1	sce01110
MDH1	sce01110
AAT1	sce01110
PGM1	sce01110
SDH3	sce01110
SDH1	sce01110
GPM1	sce01110
PRS1	sce01110
SPE1	sce01110
TRP3	sce01110
SPO14	sce01110
GLG1	sce01110
GPT2	sce01110
MET1	sce01110
TGL4	sce01110
PCK1	sce01110
SDH2	sce01110
YLL058W	sce01110
MHT1	sce01110
AAT2	sce01110
ADE16	sce01110
PDC1	sce01110
ERG3	sce01110
SHM2	sce01110
ERG27	sce01110
PDC5	sce01110
PUT1	sce01110
ACS2	sce01110
ASP3-1	sce01110
ASP3-2	sce01110
ASP3-3	sce01110
ASP3-4	sce01110
SHH4	sce01110
IDP2	sce01110
SAM1	sce01110
PNP1	sce01110
GSY2	sce01110
MET17	sce01110
ACO1	sce01110
TAL1	sce01110
ILV5	sce01110
ADE13	sce01110
ELO3	sce01110
FBP1	sce01110
IMD3	sce01110
CAR2	sce01110
YLR446W	sce01110
HMG2	sce01110
ERG6	sce01110
AMD1	sce01110
IMD4	sce01110
HMG1	sce01110
YML082W	sce01110
TSL1	sce01110
COQ5	sce01110
ERG13	sce01110
ERG5	sce01110
ARG7	sce01110
ADH3	sce01110
YMR099C	sce01110
SRT1	sce01110
PGM2	sce01110
ILV2	sce01110
HFD1	sce01110
SHH3	sce01110
ADE17	sce01110
PAH1	sce01110
ALD3	sce01110
ALD2	sce01110
GCV2	sce01110
ERG2	sce01110
PFK2	sce01110
HFA1	sce01110
ERG12	sce01110
ERG8	sce01110
GAD1	sce01110
TPS3	sce01110
RCE1	sce01110
PRM15	sce01110
ADE4	sce01110
ADH2	sce01110
ADH6	sce01110
ERR3	sce01110
IDP3	sce01110
IDH1	sce01110
LAT1	sce01110
LEU4	sce01110
MLS1	sce01110
LSM7	sce01110
PSD1	sce01110
ZWF1	sce01110
GOR1	sce01110
MET2	sce01110
ERG24	sce01110
PHA2	sce01110
CIT1	sce01110
ACC1	sce01110
SOL1	sce01110
COQ2	sce01110
MVD1	sce01110
LYS9	sce01110
MSE1	sce01110
GPM3	sce01110
ARG1	sce01110
GPD2	sce01110
PRS5	sce01110
ADH1	sce01110
COQ3	sce01110
MDH2	sce01110
ARG8	sce01110
RIB4	sce01110
TGL5	sce01110
RKI1	sce01110
LEU9	sce01110
CAT5	sce01110
ADE2	sce01110
IDH2	sce01110
LSC1	sce01110
ALE1	sce01110
HEM15	sce01110
SER1	sce01110
HIS3	sce01110
MCT1	sce01110
MOD5	sce01110
HEM4	sce01110
DGK1	sce01110
PRO2	sce01110
PYK2	sce01110
ALD4	sce01110
ERR1	sce01110
ERG10	sce01110
ALD6	sce01110
BTS1	sce01110
CAR1	sce01110
IDI1	sce01110
COX10	sce01110
FUM1	sce01110
SAM4	sce01110
ERR2	sce01110
CIT3	sce01110
ICL2	sce01110
ATH1	sce01110
ARO7	sce01110
TKL1	sce01110
LOA1	sce01110
ASN1	sce01110
GPH1	sce01110
GDB1	sce01110
CDC19	sce01200
GCV3	sce01200
ACS1	sce01200
PRS4	sce01200
TKL2	sce01200
PGI1	sce01200
PYC2	sce01200
PDB1	sce01200
SHM1	sce01200
GLK1	sce01200
CHA1	sce01200
CIT2	sce01200
PGK1	sce01200
SOL2	sce01200
GPM2	sce01200
IDP1	sce01200
MDH3	sce01200
SFA1	sce01200
GCV1	sce01200
EHD3	sce01200
TPI1	sce01200
ALT2	sce01200
KGD2	sce01200
SDH4	sce01200
YDR248C	sce01200
CTA1	sce01200
EMI2	sce01200
ICL1	sce01200
SER3	sce01200
ILV1	sce01200
PRS2	sce01200
PDA1	sce01200
LPD1	sce01200
AGX1	sce01200
DAK2	sce01200
HXK1	sce01200
PYC1	sce01200
POX1	sce01200
HXK2	sce01200
MCY1	sce01200
NQM1	sce01200
CTT1	sce01200
TDH3	sce01200
TDA10	sce01200
SER2	sce01200
PFK1	sce01200
LSC2	sce01200
SOL4	sce01200
ENO1	sce01200
GND2	sce01200
PRS3	sce01200
SOL3	sce01200
ENO2	sce01200
GND1	sce01200
SER33	sce01200
KGD1	sce01200
DAL7	sce01200
SDH9	sce01200
TDH1	sce01200
YJL068C	sce01200
RPE1	sce01200
TDH2	sce01200
MAE1	sce01200
FBA1	sce01200
MDH1	sce01200
AAT1	sce01200
SDH3	sce01200
SDH1	sce01200
GPM1	sce01200
PRS1	sce01200
FOX2	sce01200
PCK1	sce01200
SDH2	sce01200
AAT2	sce01200
SHM2	sce01200
ALT1	sce01200
ACS2	sce01200
SHH4	sce01200
IDP2	sce01200
MET17	sce01200
ACO1	sce01200
TAL1	sce01200
FBP1	sce01200
YLR446W	sce01200
DAK1	sce01200
SHH3	sce01200
GCV2	sce01200
PFK2	sce01200
ERR3	sce01200
IDP3	sce01200
IDH1	sce01200
LAT1	sce01200
MLS1	sce01200
ZWF1	sce01200
CIT1	sce01200
SOL1	sce01200
GPM3	sce01200
PRS5	sce01200
MDH2	sce01200
RKI1	sce01200
IDH2	sce01200
LSC1	sce01200
SER1	sce01200
PYK2	sce01200
FDH1	sce01200
ERR1	sce01200
ERG10	sce01200
FUM1	sce01200
ERR2	sce01200
CIT3	sce01200
ICL2	sce01200
TKL1	sce01200
ILV6	sce01210
LEU2	sce01210
CIT2	sce01210
IDP1	sce01210
LYS21	sce01210
LYS20	sce01210
ALT2	sce01210
HOM2	sce01210
LYS4	sce01210
HOM3	sce01210
ARG5,6	sce01210
LEU1	sce01210
ARO8	sce01210
BAT1	sce01210
LYS12	sce01210
ARG2	sce01210
ACO2	sce01210
ILV3	sce01210
BAT2	sce01210
AAT1	sce01210
AAT2	sce01210
ALT1	sce01210
IDP2	sce01210
ACO1	sce01210
ILV5	sce01210
ARG7	sce01210
ILV2	sce01210
IDP3	sce01210
IDH1	sce01210
LEU4	sce01210
CIT1	sce01210
ARG8	sce01210
LEU9	sce01210
IDH2	sce01210
CIT3	sce01210
ETR1	sce01212
IFA38	sce01212
ELO2	sce01212
TSC13	sce01212
FAA2	sce01212
CEM1	sce01212
OLE1	sce01212
POX1	sce01212
HTD2	sce01212
FAA3	sce01212
POT1	sce01212
PHS1	sce01212
ELO1	sce01212
OAR1	sce01212
FAS1	sce01212
ELO3	sce01212
HFA1	sce01212
FAA4	sce01212
ACC1	sce01212
MCT1	sce01212
FAA1	sce01212
ERG10	sce01212
FAS2	sce01212
CYS3	sce01230
CDC19	sce01230
PRS4	sce01230
LYS2	sce01230
TKL2	sce01230
TYR1	sce01230
PYC2	sce01230
HIS7	sce01230
ARO4	sce01230
SHM1	sce01230
ILV6	sce01230
LEU2	sce01230
HIS4	sce01230
CHA1	sce01230
CIT2	sce01230
PGK1	sce01230
THR4	sce01230
GPM2	sce01230
IDP1	sce01230
LYS21	sce01230
GLT1	sce01230
LYS20	sce01230
TRP1	sce01230
ARO3	sce01230
TPI1	sce01230
ALT2	sce01230
ARO1	sce01230
HOM2	sce01230
LYS4	sce01230
PRO1	sce01230
TRP4	sce01230
SAM2	sce01230
GLY1	sce01230
PRO3	sce01230
HOM3	sce01230
HIS1	sce01230
ARG5,6	sce01230
SER3	sce01230
ILV1	sce01230
TRP2	sce01230
MET6	sce01230
PRS2	sce01230
HIS2	sce01230
IRC7	sce01230
LEU1	sce01230
TRP5	sce01230
PYC1	sce01230
ARO2	sce01230
STR3	sce01230
ARO8	sce01230
MCY1	sce01230
NQM1	sce01230
ASN2	sce01230
CYS4	sce01230
TDH3	sce01230
SER2	sce01230
PFK1	sce01230
ENO1	sce01230
PRS3	sce01230
ARG4	sce01230
THR1	sce01230
YHR033W	sce01230
ENO2	sce01230
BAT1	sce01230
HIS6	sce01230
SER33	sce01230
LYS12	sce01230
HIS5	sce01230
LYS1	sce01230
TDH1	sce01230
ARG2	sce01230
ARG3	sce01230
RPE1	sce01230
ACO2	sce01230
TDH2	sce01230
ILV3	sce01230
STR2	sce01230
HOM6	sce01230
BAT2	sce01230
FBA1	sce01230
AAT1	sce01230
GPM1	sce01230
PRS1	sce01230
TRP3	sce01230
YLL058W	sce01230
AAT2	sce01230
SHM2	sce01230
ALT1	sce01230
IDP2	sce01230
SAM1	sce01230
MET17	sce01230
ACO1	sce01230
TAL1	sce01230
ILV5	sce01230
YML082W	sce01230
ARG7	sce01230
ILV2	sce01230
PFK2	sce01230
ERR3	sce01230
IDP3	sce01230
IDH1	sce01230
LEU4	sce01230
MET2	sce01230
PHA2	sce01230
CIT1	sce01230
LYS9	sce01230
GPM3	sce01230
ARG1	sce01230
PRS5	sce01230
ARG8	sce01230
RKI1	sce01230
LEU9	sce01230
IDH2	sce01230
SER1	sce01230
HIS3	sce01230
PRO2	sce01230
PYK2	sce01230
ERR1	sce01230
CAR1	sce01230
ERR2	sce01230
CIT3	sce01230
GLN1	sce01230
ARO7	sce01230
TKL1	sce01230
ASN1	sce01230
CDC19	sce01240
RIB1	sce01240
URA7	sce01240
BNA4	sce01240
PDX3	sce01240
RFS1	sce01240
MIS1	sce01240
RIB7	sce01240
ECM31	sce01240
MET8	sce01240
RIB5	sce01240
SHM1	sce01240
NFS1	sce01240
YCP4	sce01240
ADH7	sce01240
FAD1	sce01240
PSA1	sce01240
FAP7	sce01240
HEM3	sce01240
THI13	sce01240
PST2	sce01240
HEM13	sce01240
HEM12	sce01240
CAB5	sce01240
ADK1	sce01240
HEM1	sce01240
FMN1	sce01240
BNA7	sce01240
PHO8	sce01240
RIB3	sce01240
SAM2	sce01240
CAB1	sce01240
PAD1	sce01240
URA3	sce01240
BUD16	sce01240
PMI40	sce01240
HEM14	sce01240
CEM1	sce01240
ALD5	sce01240
COX15	sce01240
ADK2	sce01240
LPD1	sce01240
SEC53	sce01240
THI5	sce01240
SNZ3	sce01240
SNO3	sce01240
BNA6	sce01240
PNC1	sce01240
HEM2	sce01240
GUS1	sce01240
NMA2	sce01240
YGR017W	sce01240
THI4	sce01240
ADE3	sce01240
COQ6	sce01240
FOL2	sce01240
CAB4	sce01240
BIO2	sce01240
YHL012W	sce01240
PAN5	sce01240
QNS1	sce01240
BAT1	sce01240
CAB2	sce01240
PAN6	sce01240
AIM22	sce01240
GSH1	sce01240
URA2	sce01240
BNA1	sce01240
UTR1	sce01240
BNA2	sce01240
URA8	sce01240
CPA2	sce01240
BAT2	sce01240
THI11	sce01240
URA6	sce01240
UGP1	sce01240
OAR1	sce01240
YNK1	sce01240
CAB3	sce01240
RMA1	sce01240
URA1	sce01240
MET1	sce01240
SHM2	sce01240
SAM1	sce01240
BNA5	sce01240
LIP2	sce01240
NMA1	sce01240
ADE13	sce01240
URA4	sce01240
URA5	sce01240
COQ5	sce01240
FMS1	sce01240
SNO1	sce01240
SNZ1	sce01240
HFD1	sce01240
FOL3	sce01240
ALD3	sce01240
ALD2	sce01240
URA10	sce01240
ABZ2	sce01240
ADH6	sce01240
ADE12	sce01240
FOL1	sce01240
THI12	sce01240
SNZ2	sce01240
SNO2	sce01240
BUD17	sce01240
ABZ1	sce01240
COQ2	sce01240
BIO4	sce01240
BIO3	sce01240
MSE1	sce01240
GSH2	sce01240
THI20	sce01240
RIB2	sce01240
COQ3	sce01240
RIB4	sce01240
CAT5	sce01240
THI80	sce01240
HEM15	sce01240
SER1	sce01240
LIP5	sce01240
NPT1	sce01240
DFR1	sce01240
MET7	sce01240
HEM4	sce01240
CPA1	sce01240
PYK2	sce01240
ALD4	sce01240
ALD6	sce01240
COX10	sce01240
THI6	sce01240
THI21	sce01240
ADP1	sce02010
SNQ2	sce02010
YCF1	sce02010
PDR15	sce02010
YOR1	sce02010
PDR11	sce02010
PXA2	sce02010
STE6	sce02010
BPT1	sce02010
MDL1	sce02010
ATM1	sce02010
PDR18	sce02010
AUS1	sce02010
PDR5	sce02010
PDR10	sce02010
PDR12	sce02010
PXA1	sce02010
MDL2	sce02010
null	sce03008
null	sce03008
15S_RRNA	sce03008
21S_RRNA	sce03008
null	sce03008
null	sce03008
null	sce03008
null	sce03008
null	sce03008
null	sce03008
null	sce03008
null	sce03008
null	sce03008
null	sce03008
POP5	sce03008
POP8	sce03008
POP7	sce03008
POP4	sce03008
RRP7	sce03008
PWP2	sce03008
NOP1	sce03008
FAP7	sce03008
NHP2	sce03008
UTP4	sce03008
FCF1	sce03008
UTP5	sce03008
UTP6	sce03008
SNM1	sce03008
SNU13	sce03008
NUG1	sce03008
CKB1	sce03008
LSG1	sce03008
XRN1	sce03008
POP6	sce03008
UTP22	sce03008
UTP8	sce03008
CRM1	sce03008
RNH70	sce03008
RPP1	sce03008
NOP10	sce03008
GAR1	sce03008
IMP3	sce03008
NMD3	sce03008
UTP9	sce03008
CKA1	sce03008
UTP18	sce03008
UTP10	sce03008
MPP10	sce03008
MTR2	sce03008
RIX7	sce03008
SDO1	sce03008
REX2	sce03008
REA1	sce03008
REX3	sce03008
DIP2	sce03008
RMP1	sce03008
CBF5	sce03008
EMG1	sce03008
NOP56	sce03008
UTP13	sce03008
GSP1	sce03008
AFG2	sce03008
UTP21	sce03008
UTP14	sce03008
UTP15	sce03008
RNT1	sce03008
IMP4	sce03008
KRE33	sce03008
RIA1	sce03008
RIO2	sce03008
POP1	sce03008
POP3	sce03008
NOG2	sce03008
RCL1	sce03008
CKB2	sce03008
RAT1	sce03008
NOB1	sce03008
CKA2	sce03008
RIO1	sce03008
GSP2	sce03008
NOP58	sce03008
NOP4	sce03008
NOG1	sce03008
NAN1	sce03008
MEX67	sce03008
HRR25	sce03008
BMS1	sce03008
TIF6	sce03008
null	sce03008
null	sce03008
null	sce03010
15S_RRNA	sce03010
21S_RRNA	sce03010
null	sce03010
null	sce03010
null	sce03010
null	sce03010
null	sce03010
null	sce03010
null	sce03010
null	sce03010
null	sce03010
null	sce03010
RPL19B	sce03010
RPS8A	sce03010
RPL23A	sce03010
RPL32	sce03010
RPL4A	sce03010
RPS11B	sce03010
RPL19A	sce03010
MRPS9	sce03010
RPS6B	sce03010
RPS9B	sce03010
RPL21A	sce03010
MRPS5	sce03010
MRPL32	sce03010
RPS14A	sce03010
IMG1	sce03010
RPS29B	sce03010
RPL31A	sce03010
RPP1A	sce03010
RPL13A	sce03010
RPS16B	sce03010
RPP1B	sce03010
RPL41B	sce03010
RPL35B	sce03010
RPL41A	sce03010
RPL35A	sce03010
MRPL11	sce03010
RPL4B	sce03010
RPS11A	sce03010
RSM10	sce03010
RPS13	sce03010
MRX14	sce03010
MRPL1	sce03010
MRPL7	sce03010
MRPS28	sce03010
RPP2B	sce03010
MRP20	sce03010
RPL12B	sce03010
RPS17B	sce03010
RPS18A	sce03010
RPL27B	sce03010
RPL37B	sce03010
RPL12A	sce03010
RSM18	sce03010
RPL34A	sce03010
RPS24A	sce03010
RPS8B	sce03010
RPL23B	sce03010
RPS26B	sce03010
RPL22B	sce03010
RPL2A	sce03010
RPL29	sce03010
RPL30	sce03010
RPL24A	sce03010
MNP1	sce03010
RPL7A	sce03010
RPL28	sce03010
RPS2	sce03010
RPL1B	sce03010
RPL9A	sce03010
RPS26A	sce03010
RPS25A	sce03010
RPL26B	sce03010
RPL11B	sce03010
RPS23A	sce03010
RPL24B	sce03010
RPS0A	sce03010
MRPL9	sce03010
RPL14B	sce03010
MRP4	sce03010
RPS20	sce03010
RPL8A	sce03010
RPL27A	sce03010
RPS27B	sce03010
RPL42B	sce03010
MRPL6	sce03010
RPS4B	sce03010
RPL2B	sce03010
RPL34B	sce03010
RPS24B	sce03010
RPL16A	sce03010
RPL40A	sce03010
MRPL8	sce03010
MRPL49	sce03010
RPS21B	sce03010
RPL17B	sce03010
RPL39	sce03010
RPS22A	sce03010
RPS14B	sce03010
RPL43B	sce03010
RSM7	sce03010
RPS5	sce03010
RPS4A	sce03010
MRP17	sce03010
RPL14A	sce03010
RPS27A	sce03010
RPL17A	sce03010
RPS21A	sce03010
RPL40B	sce03010
RPL8B	sce03010
RLP24	sce03010
RPL15A	sce03010
RPS0B	sce03010
RPL22A	sce03010
RPL10	sce03010
RPS31	sce03010
RPL37A	sce03010
RPS28B	sce03010
RPS30A	sce03010
RPL38	sce03010
RPS25B	sce03010
RPP0	sce03010
RPL26A	sce03010
RPS22B	sce03010
RPS29A	sce03010
RPL31B	sce03010
RPS1A	sce03010
RPL6B	sce03010
MRPL39	sce03010
RPS17A	sce03010
YML6	sce03010
RPS18B	sce03010
RPS1B	sce03010
RPL6A	sce03010
RPL15B	sce03010
RPL13B	sce03010
RPS16A	sce03010
MRPS17	sce03010
MRPL24	sce03010
RPL36A	sce03010
RPS10B	sce03010
RPL20A	sce03010
MRPL33	sce03010
RLP7	sce03010
RPL9B	sce03010
RPL16B	sce03010
SWS2	sce03010
RPS7B	sce03010
RPL42A	sce03010
RPS3	sce03010
MRPL19	sce03010
MRPL10	sce03010
RPL18B	sce03010
RPS19B	sce03010
MRPS18	sce03010
MRPS12	sce03010
RPP2A	sce03010
RPS15	sce03010
RPL18A	sce03010
RPS19A	sce03010
RPL25	sce03010
RPL3	sce03010
RPS7A	sce03010
MRPL23	sce03010
RPS28A	sce03010
RPS30B	sce03010
RPL33B	sce03010
RPS10A	sce03010
RPL20B	sce03010
RPS12	sce03010
MRPS16	sce03010
RPL21B	sce03010
RPS9A	sce03010
RPS6A	sce03010
RPL5	sce03010
RPL33A	sce03010
MRPL40	sce03010
RTC6	sce03010
RPL7B	sce03010
RPL1A	sce03010
RPL36B	sce03010
RPL43A	sce03010
RPL11A	sce03010
RPS23B	sce03010
MRP2	sce03010
NUP60	sce03013
NUP170	sce03013
KAP104	sce03013
TEF2	sce03013
UBC9	sce03013
SUB2	sce03013
ASM4	sce03013
NUP84	sce03013
GLE1	sce03013
FAL1	sce03013
MSN5	sce03013
YRA1	sce03013
SXM1	sce03013
NUP157	sce03013
GLE2	sce03013
KAP123	sce03013
NIC96	sce03013
NUP145	sce03013
SEH1	sce03013
NUP49	sce03013
CSE1	sce03013
KAP114	sce03013
UPF3	sce03013
NUP57	sce03013
CRM1	sce03013
NMD2	sce03013
NMD3	sce03013
MLP2	sce03013
NUP192	sce03013
NSP1	sce03013
NUP85	sce03013
NMD5	sce03013
NUP120	sce03013
NUP100	sce03013
MTR2	sce03013
LOS1	sce03013
NUP133	sce03013
MLP1	sce03013
POM33	sce03013
POM34	sce03013
PER33	sce03013
SEC13	sce03013
GSP1	sce03013
NUP2	sce03013
KAP95	sce03013
NDC1	sce03013
NUP188	sce03013
NUP116	sce03013
NAM7	sce03013
STO1	sce03013
POM152	sce03013
NUP53	sce03013
RNA1	sce03013
PSE1	sce03013
THO2	sce03013
SRP1	sce03013
TEX1	sce03013
DBP5	sce03013
NUP1	sce03013
MTR10	sce03013
GSP2	sce03013
KAP120	sce03013
MEX67	sce03013
CBC2	sce03013
TEF1	sce03013
TPD3	sce03015
PTA1	sce03015
SUP45	sce03015
ABD1	sce03015
SUB2	sce03015
PPH21	sce03015
PPH22	sce03015
GLE1	sce03015
FAL1	sce03015
SUP35	sce03015
REF2	sce03015
PCF11	sce03015
CFT1	sce03015
YRA1	sce03015
PPZ2	sce03015
GLC7	sce03015
PAB1	sce03015
RNA15	sce03015
CDC55	sce03015
UPF3	sce03015
PTI1	sce03015
NMD2	sce03015
SGN1	sce03015
FIP1	sce03015
SWD2	sce03015
MPE1	sce03015
MTR2	sce03015
PAP1	sce03015
HBS1	sce03015
CFT2	sce03015
YSH1	sce03015
PPZ1	sce03015
RNA14	sce03015
NAM7	sce03015
STO1	sce03015
DOM34	sce03015
SSU72	sce03015
PFS2	sce03015
HRP1	sce03015
RTS1	sce03015
DBP5	sce03015
SKI7	sce03015
SYC1	sce03015
CLP1	sce03015
MEX67	sce03015
CBC2	sce03015
PPQ1	sce03015
YTH1	sce03015
CCR4	sce03018
LSM2	sce03018
TCM62	sce03018
RRP43	sce03018
PAT1	sce03018
CDC39	sce03018
RRP42	sce03018
DHH1	sce03018
CDC36	sce03018
AIR2	sce03018
RRP45	sce03018
LSM6	sce03018
EDC3	sce03018
ECM10	sce03018
MOT2	sce03018
LSM4	sce03018
LSM5	sce03018
PAB1	sce03018
CAF16	sce03018
PAN2	sce03018
XRN1	sce03018
SKI8	sce03018
RRP46	sce03018
MTR3	sce03018
SKI6	sce03018
PFK1	sce03018
ENO1	sce03018
RRP4	sce03018
LRP1	sce03018
ENO2	sce03018
NOT3	sce03018
AIR1	sce03018
MTR4	sce03018
LSM1	sce03018
LSM8	sce03018
SSC1	sce03018
PAN3	sce03018
SKG3	sce03018
HSP60	sce03018
DCS1	sce03018
SSQ1	sce03018
SKI2	sce03018
LSM3	sce03018
PFK2	sce03018
ERR3	sce03018
DCP2	sce03018
LSM7	sce03018
CSL4	sce03018
CAF120	sce03018
CAF40	sce03018
TRF5	sce03018
MPP6	sce03018
POP2	sce03018
DIS3	sce03018
PAP2	sce03018
RRP40	sce03018
DCP1	sce03018
RRP6	sce03018
RAT1	sce03018
SKI7	sce03018
ERR1	sce03018
ERR2	sce03018
NOT5	sce03018
SKI3	sce03018
RPB5	sce03020
RPO21	sce03020
RPC53	sce03020
RPC11	sce03020
RPA14	sce03020
RPB7	sce03020
RPB9	sce03020
RPC10	sce03020
RPB3	sce03020
RPB4	sce03020
RPA34	sce03020
RPA12	sce03020
RPC25	sce03020
RPC37	sce03020
RPC19	sce03020
RPC31	sce03020
RPA49	sce03020
RPC34	sce03020
RPB11	sce03020
RPO31	sce03020
RPB2	sce03020
RET1	sce03020
RPB10	sce03020
RPB8	sce03020
RPA43	sce03020
RPA190	sce03020
RPA135	sce03020
RPC40	sce03020
RPO26	sce03020
RPC82	sce03020
TAF5	sce03022
TAF2	sce03022
KIN28	sce03022
TFB5	sce03022
TAF12	sce03022
TAF10	sce03022
TFB1	sce03022
NPL3	sce03022
TFB3	sce03022
SPT15	sce03022
RAD3	sce03022
TAF6	sce03022
TFG2	sce03022
TFG1	sce03022
TAF1	sce03022
SSL2	sce03022
TFA1	sce03022
TOA2	sce03022
TFA2	sce03022
SSL1	sce03022
TAF11	sce03022
TAF13	sce03022
TAF8	sce03022
TAF7	sce03022
TAF9	sce03022
TOA1	sce03022
TAF3	sce03022
TFB2	sce03022
TAF14	sce03022
CCL1	sce03022
TFB4	sce03022
SUA7	sce03022
RFA1	sce03030
MCM2	sce03030
POL12	sce03030
RFC5	sce03030
POL30	sce03030
MCM7	sce03030
DPB3	sce03030
POL3	sce03030
CDC9	sce03030
DPB4	sce03030
MCM3	sce03030
MCM6	sce03030
DNA2	sce03030
PRI1	sce03030
DLS1	sce03030
POL31	sce03030
POL32	sce03030
RFC2	sce03030
PRI2	sce03030
RAD27	sce03030
MCM5	sce03030
RNH1	sce03030
RNH201	sce03030
POL1	sce03030
POL2	sce03030
RFC3	sce03030
RFA2	sce03030
RFC4	sce03030
RFC1	sce03030
MCM4	sce03030
DPB2	sce03030
null	sce03040
SSA1	sce03040
PRP45	sce03040
LSM2	sce03040
SSA3	sce03040
PRP6	sce03040
ECM2	sce03040
PRP5	sce03040
BUD31	sce03040
PRP9	sce03040
PRP11	sce03040
SUB2	sce03040
SNU23	sce03040
SSB1	sce03040
FAL1	sce03040
SLU7	sce03040
CWC15	sce03040
PRP28	sce03040
CDC40	sce03040
LSM6	sce03040
YRA1	sce03040
SYF1	sce03040
PRP3	sce03040
SNU13	sce03040
PRP22	sce03040
SMB1	sce03040
SSA4	sce03040
LSM4	sce03040
LSM5	sce03040
BRR2	sce03040
SMX2	sce03040
SAD1	sce03040
PRP43	sce03040
PRP18	sce03040
SMD1	sce03040
PRP38	sce03040
PRP31	sce03040
SYF2	sce03040
PRP8	sce03040
SNP1	sce03040
PRP21	sce03040
LSM8	sce03040
ISY1	sce03040
PRP40	sce03040
MUD2	sce03040
SNU114	sce03040
PRP16	sce03040
SSA2	sce03040
PRP19	sce03040
CLF1	sce03040
SMD3	sce03040
SMD2	sce03040
YHC1	sce03040
LSM3	sce03040
RSE1	sce03040
STO1	sce03040
CEF1	sce03040
CUS1	sce03040
HSH155	sce03040
DBP2	sce03040
YSF3	sce03040
THO2	sce03040
LSM7	sce03040
SSB2	sce03040
TEX1	sce03040
PRP2	sce03040
SME1	sce03040
SNU66	sce03040
HSH49	sce03040
PRP46	sce03040
CBC2	sce03040
LEA1	sce03040
DIB1	sce03040
RDS3	sce03040
PRP4	sce03040
SMX3	sce03040
null	sce03040
null	sce03040
null	sce03040
null	sce03040
null	sce03040
PRE7	sce03050
UMP1	sce03050
RPT2	sce03050
RPN6	sce03050
RPN5	sce03050
SEM1	sce03050
RPT3	sce03050
RPN9	sce03050
PRE1	sce03050
RPN3	sce03050
PUP3	sce03050
BLM10	sce03050
RPN11	sce03050
PRE4	sce03050
RPN12	sce03050
SCL1	sce03050
RPT6	sce03050
PRE9	sce03050
PUP2	sce03050
RPN1	sce03050
RPN10	sce03050
NAS2	sce03050
RPN2	sce03050
PRE3	sce03050
RPT1	sce03050
RPN13	sce03050
PRE8	sce03050
PRE5	sce03050
PRE6	sce03050
RPT5	sce03050
PUP1	sce03050
RPT4	sce03050
RPN8	sce03050
PRE10	sce03050
PRE2	sce03050
RPN7	sce03050
SSH1	sce03060
SRP14	sce03060
SSS1	sce03060
SRP101	sce03060
SBH2	sce03060
SBH1	sce03060
OXA1	sce03060
SEC11	sce03060
KAR2	sce03060
SPC1	sce03060
SRP102	sce03060
SPC3	sce03060
SEC61	sce03060
SPC2	sce03060
SEC65	sce03060
IMP2	sce03060
IMP1	sce03060
SEC63	sce03060
SEC62	sce03060
SRP72	sce03060
SRP68	sce03060
SRP54	sce03060
NTG1	sce03410
APN2	sce03410
POL30	sce03410
DPB3	sce03410
POL3	sce03410
CDC9	sce03410
DPB4	sce03410
MAG1	sce03410
DLS1	sce03410
POL31	sce03410
POL32	sce03410
RAD27	sce03410
APN1	sce03410
UNG1	sce03410
OGG1	sce03410
POL2	sce03410
NTG2	sce03410
DPB2	sce03410
RFA1	sce03420
RFC5	sce03420
POL30	sce03420
DPB3	sce03420
POL3	sce03420
KIN28	sce03420
CDC9	sce03420
RAD28	sce03420
TFB5	sce03420
DPB4	sce03420
TFB1	sce03420
TFB3	sce03420
RAD23	sce03420
RAD4	sce03420
RAD3	sce03420
RAD2	sce03420
SSL2	sce03420
DLS1	sce03420
SRS2	sce03420
POL31	sce03420
RAD26	sce03420
POL32	sce03420
RFC2	sce03420
SSL1	sce03420
RAD10	sce03420
RAD14	sce03420
POL2	sce03420
RFC3	sce03420
RFA2	sce03420
RFC4	sce03420
HRT1	sce03420
RFC1	sce03420
RAD1	sce03420
TFB2	sce03420
CCL1	sce03420
TFB4	sce03420
DPB2	sce03420
RFA1	sce03430
RFC5	sce03430
POL30	sce03430
MSH3	sce03430
POL3	sce03430
CDC9	sce03430
MSH6	sce03430
SRS2	sce03430
POL31	sce03430
POL32	sce03430
RFC2	sce03430
MLH1	sce03430
PMS1	sce03430
RFC3	sce03430
RFA2	sce03430
MSH2	sce03430
RFC4	sce03430
EXO1	sce03430
RFC1	sce03430
MLH3	sce03430
RFA1	sce03440
TEL1	sce03440
RDH54	sce03440
MMS4	sce03440
RAD59	sce03440
POL3	sce03440
RAD57	sce03440
RAD55	sce03440
SEM1	sce03440
XRS2	sce03440
MUS81	sce03440
RAD51	sce03440
RAD54	sce03440
POL31	sce03440
POL32	sce03440
TOP3	sce03440
RAD52	sce03440
SGS1	sce03440
MRE11	sce03440
RAD50	sce03440
RFA2	sce03440
POL4	sce03450
XRS2	sce03450
LIF1	sce03450
RAD27	sce03450
NEJ1	sce03450
YKU80	sce03450
MRE11	sce03450
YKU70	sce03450
RAD50	sce03450
DNL4	sce03450
CDC24	sce04011
FUS3	sce04011
PKC1	sce04011
TEC1	sce04011
CYC8	sce04011
HSL7	sce04011
CDC28	sce04011
SMP1	sce04011
BEM1	sce04011
PAF1	sce04011
FUS1	sce04011
STE50	sce04011
SSK22	sce04011
TUP1	sce04011
PTC1	sce04011
GPD1	sce04011
STE7	sce04011
YPD1	sce04011
BMH2	sce04011
STE5	sce04011
MKC7	sce04011
MSS4	sce04011
CTA1	sce04011
RGA2	sce04011
SAC7	sce04011
HKR1	sce04011
MFA1	sce04011
PKH3	sce04011
DIG2	sce04011
PKH1	sce04011
PTP3	sce04011
SWI4	sce04011
SHO1	sce04011
RSP5	sce04011
BEM2	sce04011
BMH1	sce04011
STE2	sce04011
MF(ALPHA)2	sce04011
MSB2	sce04011
MTL1	sce04011
GSC2	sce04011
KSS1	sce04011
ROM1	sce04011
CTT1	sce04011
CLB1	sce04011
CLB6	sce04011
STE20	sce04011
GPA1	sce04011
SLT2	sce04011
STE12	sce04011
YCK1	sce04011
BAR1	sce04011
SDP1	sce04011
SLN1	sce04011
BNR1	sce04011
FLO11	sce04011
BCK1	sce04011
PBS2	sce04011
FAR1	sce04011
SWE1	sce04011
STE18	sce04011
MSN4	sce04011
HSL1	sce04011
KDX1	sce04011
STE3	sce04011
SPA2	sce04011
SSK1	sce04011
SIC1	sce04011
HOG1	sce04011
YPS1	sce04011
SWI6	sce04011
CDC42	sce04011
STT4	sce04011
MID2	sce04011
FKS1	sce04011
STE11	sce04011
ROM2	sce04011
TUS1	sce04011
SST2	sce04011
MIH1	sce04011
MSN2	sce04011
MCM1	sce04011
MSS11	sce04011
HOT1	sce04011
CLN1	sce04011
FKS3	sce04011
MSG5	sce04011
MFA2	sce04011
YCK2	sce04011
SKO1	sce04011
BNI1	sce04011
WSC2	sce04011
CLA4	sce04011
SSK2	sce04011
GPD2	sce04011
PKH2	sce04011
WSC3	sce04011
SKM1	sce04011
GRE2	sce04011
SLG1	sce04011
RGA1	sce04011
PTP2	sce04011
STE4	sce04011
MKK1	sce04011
DIG1	sce04011
RLM1	sce04011
BEM3	sce04011
MKK2	sce04011
MF(ALPHA)1	sce04011
CLN2	sce04011
OPY2	sce04011
CLB2	sce04011
CLB5	sce04011
RHO1	sce04011
PKC1	sce04070
CDS1	sce04070
CMD1	sce04070
KCS1	sce04070
ARG82	sce04070
MSS4	sce04070
INM2	sce04070
IPK1	sce04070
FAB1	sce04070
INM1	sce04070
INP51	sce04070
LSB6	sce04070
YMR1	sce04070
SAC1	sce04070
VPS34	sce04070
STT4	sce04070
VIP1	sce04070
INP52	sce04070
TEP1	sce04070
PIK1	sce04070
INP53	sce04070
PLC1	sce04070
PIS1	sce04070
TPD3	sce04111
LTE1	sce04111
CLN3	sce04111
CDC15	sce04111
PHO11	sce04111
FUS3	sce04111
MCM2	sce04111
CDC27	sce04111
BRN1	sce04111
ORC2	sce04111
PHO5	sce04111
CYC8	sce04111
HSL7	sce04111
CKS1	sce04111
MEC1	sce04111
CDC28	sce04111
MCM7	sce04111
CHK1	sce04111
KCC4	sce04111
MRC1	sce04111
TUP1	sce04111
MCD1	sce04111
APC11	sce04111
CDC7	sce04111
MPS1	sce04111
MBP1	sce04111
DUN1	sce04111
PHO2	sce04111
PCL2	sce04111
CDC53	sce04111
PPH21	sce04111
CLB3	sce04111
PCL9	sce04111
PPH22	sce04111
DBF4	sce04111
FOB1	sce04111
PDS1	sce04111
APC4	sce04111
SWI5	sce04111
SCC2	sce04111
RAD9	sce04111
SWM1	sce04111
YCG1	sce04111
SKP1	sce04111
YHP1	sce04111
LCD1	sce04111
GIN4	sce04111
MCM3	sce04111
SWI4	sce04111
SCC4	sce04111
RAD24	sce04111
SMC1	sce04111
CDC4	sce04111
CAK1	sce04111
CDC14	sce04111
SMC2	sce04111
PHO4	sce04111
CDC26	sce04111
CDH1	sce04111
MAD1	sce04111
CDC20	sce04111
CDC55	sce04111
MCM6	sce04111
DOC1	sce04111
KSS1	sce04111
DBF2	sce04111
ESP1	sce04111
CLB1	sce04111
CLB6	sce04111
DAM1	sce04111
BUB1	sce04111
PHO81	sce04111
ORC6	sce04111
SPO12	sce04111
CDC23	sce04111
PHO12	sce04111
IRR1	sce04111
MET30	sce04111
MOB1	sce04111
MAD3	sce04111
MAD2	sce04111
SMC3	sce04111
NET1	sce04111
FAR1	sce04111
SWE1	sce04111
CDC6	sce04111
TAH11	sce04111
BFA1	sce04111
GRR1	sce04111
CDC16	sce04111
HSL1	sce04111
ORC3	sce04111
SIC1	sce04111
SMC4	sce04111
APC9	sce04111
CDC45	sce04111
APC2	sce04111
RFX1	sce04111
SWI6	sce04111
CLB4	sce04111
YCS4	sce04111
MCM5	sce04111
MEC3	sce04111
YOX1	sce04111
TEM1	sce04111
ORC1	sce04111
CDC5	sce04111
MIH1	sce04111
MCM1	sce04111
BUB2	sce04111
CLN1	sce04111
APC1	sce04111
ORC5	sce04111
PCL1	sce04111
PHO80	sce04111
HRT1	sce04111
BUB3	sce04111
WHI5	sce04111
SLK19	sce04111
APC5	sce04111
RAD17	sce04111
PHO85	sce04111
RAD53	sce04111
DDC1	sce04111
CLN2	sce04111
MCM4	sce04111
DBF20	sce04111
CLB2	sce04111
CLB5	sce04111
ORC4	sce04111
TPD3	sce04113
CLN3	sce04113
CDC15	sce04113
MCM2	sce04113
CDC27	sce04113
GIP1	sce04113
ORC2	sce04113
MEC1	sce04113
CDC28	sce04113
MCM7	sce04113
CHK1	sce04113
HMLALPHA2	sce04113
MATALPHA2	sce04113
HMRA2	sce04113
HMRA1	sce04113
APC11	sce04113
CDC7	sce04113
GPR1	sce04113
PPH21	sce04113
RGT2	sce04113
CLB3	sce04113
PPH22	sce04113
SNF3	sce04113
HXT15	sce04113
DBF4	sce04113
PDS1	sce04113
APC4	sce04113
UME6	sce04113
RAD9	sce04113
SWM1	sce04113
ZIP1	sce04113
SUM1	sce04113
HXT7	sce04113
HXT6	sce04113
HXT3	sce04113
PPZ2	sce04113
LRS4	sce04113
SNF1	sce04113
SPS1	sce04113
MCM3	sce04113
HXT13	sce04113
GPA2	sce04113
MAM1	sce04113
SWI4	sce04113
GLC7	sce04113
RAD24	sce04113
DMC1	sce04113
SMC1	sce04113
HXT10	sce04113
RIM15	sce04113
CDC14	sce04113
CDC26	sce04113
MAD1	sce04113
CDC20	sce04113
MCM6	sce04113
DOC1	sce04113
RME1	sce04113
SPR3	sce04113
ESP1	sce04113
CLB1	sce04113
CLB6	sce04113
BUB1	sce04113
AMA1	sce04113
SPO11	sce04113
HXT4	sce04113
HXT1	sce04113
HXT5	sce04113
ORC6	sce04113
NDT80	sce04113
SPO12	sce04113
CDC23	sce04113
SSP1	sce04113
IRR1	sce04113
HOP1	sce04113
MND2	sce04113
CYR1	sce04113
MAD2	sce04113
SMC3	sce04113
IME2	sce04113
TPK1	sce04113
SWE1	sce04113
CDC6	sce04113
HXT8	sce04113
HXT9	sce04113
TAH11	sce04113
TOR1	sce04113
IME1	sce04113
HXT16	sce04113
CDC16	sce04113
MSN4	sce04113
TPK3	sce04113
TOR2	sce04113
ORC3	sce04113
SIC1	sce04113
GAL2	sce04113
APC9	sce04113
CDC45	sce04113
APC2	sce04113
SWI6	sce04113
CLB4	sce04113
RED1	sce04113
MCM5	sce04113
MEC3	sce04113
PPZ1	sce04113
ORC1	sce04113
CDC5	sce04113
HXT2	sce04113
SOK2	sce04113
MSN2	sce04113
RIM11	sce04113
RAS2	sce04113
APC1	sce04113
ORC5	sce04113
HXT14	sce04113
HXT17	sce04113
HXT11	sce04113
RTS1	sce04113
SGO1	sce04113
RAS1	sce04113
SLK19	sce04113
APC5	sce04113
SPS4	sce04113
MEK1	sce04113
RAD17	sce04113
RAD53	sce04113
PPQ1	sce04113
DDC1	sce04113
TPK2	sce04113
CLN2	sce04113
REC8	sce04113
MCM4	sce04113
CLB5	sce04113
ORC4	sce04113
CDC27	sce04120
UBC4	sce04120
APC11	sce04120
UBC9	sce04120
CDC53	sce04120
UFD2	sce04120
RAD28	sce04120
CDC34	sce04120
UBC5	sce04120
UBC13	sce04120
APC4	sce04120
UBC1	sce04120
SWM1	sce04120
SKP1	sce04120
UBA2	sce04120
SIZ1	sce04120
TOM1	sce04120
UBC8	sce04120
UBC6	sce04120
RSP5	sce04120
CDC4	sce04120
CDC26	sce04120
CDH1	sce04120
RAD6	sce04120
CDC20	sce04120
HUL5	sce04120
DOC1	sce04120
CUL3	sce04120
CDC23	sce04120
MET30	sce04120
RPL40A	sce04120
GRR1	sce04120
UFD4	sce04120
CDC16	sce04120
UBA1	sce04120
RPL40B	sce04120
PRP19	sce04120
UBI4	sce04120
APC9	sce04120
APC2	sce04120
RPS31	sce04120
UBC12	sce04120
UBC7	sce04120
APC1	sce04120
HRD1	sce04120
HRT1	sce04120
APC5	sce04120
UBC11	sce04120
ELC1	sce04120
UBA3	sce04120
AOS1	sce04120
NFS1	sce04122
NCS6	sce04122
UBA4	sce04122
URM1	sce04122
AHP1	sce04122
NCS2	sce04122
TUM1	sce04122
SYN8	sce04130
SNC1	sce04130
TLG1	sce04130
SEC20	sce04130
USE1	sce04130
VAM7	sce04130
GOS1	sce04130
BET1	sce04130
SFT1	sce04130
YKT6	sce04130
SED5	sce04130
BOS1	sce04130
SEC22	sce04130
SSO2	sce04130
VTI1	sce04130
TLG2	sce04130
UFE1	sce04130
VAM3	sce04130
SNC2	sce04130
SSO1	sce04130
ATG8	sce04136
VPS15	sce04136
ATG12	sce04136
PPH21	sce04136
ATG9	sce04136
PPH22	sce04136
ATG18	sce04136
ATG1	sce04136
ATG7	sce04136
KOG1	sce04136
TOR1	sce04136
TOR2	sce04136
VPS34	sce04136
TAP42	sce04136
LST8	sce04136
ATG4	sce04136
ATG2	sce04136
ATG3	sce04136
ATG21	sce04136
VPS30	sce04136
ATG5	sce04136
ATG11	sce04136
ATG13	sce04136
VPS8	sce04138
SEC17	sce04138
ATG8	sce04138
SEC18	sce04138
VPS15	sce04138
ATG14	sce04138
CCZ1	sce04138
ATG12	sce04138
ARC40	sce04138
ATG22	sce04138
ATG15	sce04138
ARP2	sce04138
VAM6	sce04138
PPH21	sce04138
ATG9	sce04138
PPH22	sce04138
KCS1	sce04138
ATG31	sce04138
LCB2	sce04138
VPS41	sce04138
ARG82	sce04138
UME6	sce04138
GCN2	sce04138
SNF1	sce04138
VPS3	sce04138
GCN4	sce04138
PRB1	sce04138
SAK1	sce04138
RIM15	sce04138
ATG18	sce04138
VPS45	sce04138
MON1	sce04138
TOS3	sce04138
ATG1	sce04138
VAM7	sce04138
SLT2	sce04138
PCL5	sce04138
ATG7	sce04138
KOG1	sce04138
SCH9	sce04138
ARC15	sce04138
TPK1	sce04138
ATG27	sce04138
SUI2	sce04138
ARP3	sce04138
TOR1	sce04138
YMR1	sce04138
ARC19	sce04138
ELM1	sce04138
MSN4	sce04138
AVT3	sce04138
TPK3	sce04138
YKT6	sce04138
TOR2	sce04138
ATG10	sce04138
PEP3	sce04138
ATG38	sce04138
VPS34	sce04138
ARC18	sce04138
VPS33	sce04138
ATG17	sce04138
ATG23	sce04138
YPT7	sce04138
TAP42	sce04138
MSN2	sce04138
ATG16	sce04138
VTI1	sce04138
PEP5	sce04138
LCB1	sce04138
LST8	sce04138
RAS2	sce04138
AVT4	sce04138
ATG4	sce04138
ATG2	sce04138
ATG3	sce04138
ARC35	sce04138
YSP3	sce04138
RAS1	sce04138
VAM3	sce04138
PHO85	sce04138
VPS16	sce04138
ATG21	sce04138
VPS30	sce04138
ATG5	sce04138
PEP4	sce04138
ATG29	sce04138
TPK2	sce04138
TIP41	sce04138
ATG11	sce04138
ATG13	sce04138
MDM10	sce04139
ATG8	sce04139
PKC1	sce04139
PTC6	sce04139
UME6	sce04139
MSS4	sce04139
UBP3	sce04139
CKB1	sce04139
ATG1	sce04139
MDM34	sce04139
SLT2	sce04139
CKA1	sce04139
FIS1	sce04139
FMC1	sce04139
ATG32	sce04139
SLN1	sce04139
BCK1	sce04139
PBS2	sce04139
TOR1	sce04139
TOR2	sce04139
DNM1	sce04139
MMM1	sce04139
SSK1	sce04139
HOG1	sce04139
SMD3	sce04139
ATG33	sce04139
WSC2	sce04139
BRE5	sce04139
SIN3	sce04139
MDM12	sce04139
MDM38	sce04139
WSC3	sce04139
SLG1	sce04139
CKB2	sce04139
CKA2	sce04139
MKK1	sce04139
MIP1	sce04139
MKK2	sce04139
YME1	sce04139
ATG11	sce04139
SSA1	sce04141
CNE1	sce04141
SHP1	sce04141
SSA3	sce04141
HSP26	sce04141
UBC4	sce04141
FES1	sce04141
SSE2	sce04141
NPL4	sce04141
DER1	sce04141
ROT2	sce04141
UBX7	sce04141
SSH1	sce04141
PDI1	sce04141
SED4	sce04141
YET3	sce04141
CDC48	sce04141
CDC53	sce04141
UFD2	sce04141
SEC31	sce04141
SSB1	sce04141
OST4	sce04141
YOS9	sce04141
UBC5	sce04141
SSS1	sce04141
HSP42	sce04141
GTB1	sce04141
GCN2	sce04141
SKP1	sce04141
DFM1	sce04141
EUG1	sce04141
WBP1	sce04141
RAD23	sce04141
SBH2	sce04141
SBH1	sce04141
UBC6	sce04141
SSA4	sce04141
OTU1	sce04141
EMP47	sce04141
STT3	sce04141
CWH41	sce04141
OST5	sce04141
UFD1	sce04141
IRE1	sce04141
SFB3	sce04141
EPS1	sce04141
SNL1	sce04141
SSM4	sce04141
SEC24	sce04141
OST1	sce04141
KAR2	sce04141
JEM1	sce04141
SUI2	sce04141
MNS1	sce04141
LHS1	sce04141
DOA1	sce04141
SSA2	sce04141
MNL2	sce04141
EMP46	sce04141
XDJ1	sce04141
HRD3	sce04141
SEC13	sce04141
SEC61	sce04141
UBX2	sce04141
OST6	sce04141
USA1	sce04141
ERO1	sce04141
UBC7	sce04141
SWP1	sce04141
HLJ1	sce04141
HSC82	sce04141
SCJ1	sce04141
CUE1	sce04141
DSK2	sce04141
SFB2	sce04141
YDJ1	sce04141
APJ1	sce04141
SSB2	sce04141
SEC12	sce04141
HRD1	sce04141
SIL1	sce04141
HRT1	sce04141
OST3	sce04141
OST2	sce04141
SEC63	sce04141
MPD1	sce04141
KRE5	sce04141
SEC62	sce04141
PNG1	sce04141
SSE1	sce04141
SAR1	sce04141
HSP82	sce04141
SEC23	sce04141
SSA1	sce04144
APL3	sce04144
EDE1	sce04144
SSA3	sce04144
ARC40	sce04144
STP22	sce04144
ARP2	sce04144
ARF2	sce04144
ENT1	sce04144
ARF1	sce04144
GCS1	sce04144
SSB1	sce04144
DOA4	sce04144
ENT5	sce04144
SEC7	sce04144
MSS4	sce04144
PEP7	sce04144
RVS167	sce04144
VPS60	sce04144
AGE1	sce04144
GEA2	sce04144
YPT31	sce04144
SSA4	sce04144
GLO3	sce04144
RSP5	sce04144
UBP5	sce04144
SEC4	sce04144
VPS45	sce04144
GTS1	sce04144
CHC1	sce04144
YPT32	sce04144
MVB12	sce04144
HSE1	sce04144
VPS29	sce04144
CAP2	sce04144
AGE2	sce04144
ARC15	sce04144
SNX4	sce04144
CHM7	sce04144
PEP8	sce04144
VPS35	sce04144
APL1	sce04144
GEA1	sce04144
APS2	sce04144
ARP3	sce04144
VPS25	sce04144
ENT3	sce04144
DID4	sce04144
CAP1	sce04144
ARC19	sce04144
VPS24	sce04144
SMY1	sce04144
YPT52	sce04144
SPO14	sce04144
DID2	sce04144
SSA2	sce04144
SNF7	sce04144
VTA1	sce04144
ENT2	sce04144
CDC42	sce04144
ARC18	sce04144
VPS36	sce04144
YPT7	sce04144
VPS20	sce04144
SSB2	sce04144
IST1	sce04144
VPS27	sce04144
ARC35	sce04144
APM4	sce04144
VPS5	sce04144
VPS21	sce04144
ARF3	sce04144
LAS17	sce04144
RIM20	sce04144
SNX3	sce04144
SNF8	sce04144
VPS28	sce04144
RHO1	sce04144
VPS4	sce04144
CNE1	sce04145
VMA2	sce04145
SSH1	sce04145
VMA9	sce04145
VMA1	sce04145
SSS1	sce04145
PAC11	sce04145
VMA3	sce04145
VMA8	sce04145
SBH2	sce04145
SBH1	sce04145
TUB2	sce04145
FAB1	sce04145
VMA7	sce04145
VMA16	sce04145
VMA10	sce04145
VMA5	sce04145
YPT52	sce04145
DYN1	sce04145
VPS34	sce04145
SEC22	sce04145
SEC61	sce04145
VMA6	sce04145
YPT7	sce04145
TUB1	sce04145
TUB3	sce04145
STV1	sce04145
VPS27	sce04145
UFE1	sce04145
VPS21	sce04145
VPH1	sce04145
VMA4	sce04145
VMA11	sce04145
VMA13	sce04145
MRL1	sce04145
YAT1	sce04146
PEX19	sce04146
IDP1	sce04146
PEX7	sce04146
PEX5	sce04146
CTA1	sce04146
PEX10	sce04146
PEX3	sce04146
MRP1	sce04146
PXP1	sce04146
FAA2	sce04146
YAT2	sce04146
AGX1	sce04146
NPY1	sce04146
PEX14	sce04146
POX1	sce04146
CTT1	sce04146
SOD2	sce04146
FAA3	sce04146
POT1	sce04146
PEX2	sce04146
RSM26	sce04146
SOD1	sce04146
PXA2	sce04146
PEX1	sce04146
IDP2	sce04146
PEX13	sce04146
SYM1	sce04146
ECI1	sce04146
CAT2	sce04146
PEX12	sce04146
ERG12	sce04146
FAA4	sce04146
IDP3	sce04146
SPS19	sce04146
PEX6	sce04146
PEX11	sce04146
DCI1	sce04146
FAA1	sce04146
PXA1	sce04146
SSA1	sce04213
SSA3	sce04213
GPR1	sce04213
SIR2	sce04213
SSB1	sce04213
GIS1	sce04213
HST4	sce04213
CTA1	sce04213
HSP78	sce04213
MRP1	sce04213
SSA4	sce04213
RIM15	sce04213
PNC1	sce04213
SNF4	sce04213
CTT1	sce04213
SOD2	sce04213
KOG1	sce04213
SCH9	sce04213
CYR1	sce04213
TPK1	sce04213
TOR1	sce04213
RSM26	sce04213
SOD1	sce04213
MSN4	sce04213
TPK3	sce04213
TOR2	sce04213
SSA2	sce04213
HSP104	sce04213
MSN2	sce04213
RAS2	sce04213
SSB2	sce04213
RPD3	sce04213
HST1	sce04213
HST3	sce04213
RAS1	sce04213
HST2	sce04213
ATG5	sce04213
TPK2	sce04213
CDC15	sce04392
TEC1	sce04392
DBF2	sce04392
STE20	sce04392
YCK1	sce04392
MOB1	sce04392
YCK2	sce04392
NUD1	sce04392
